{
  "train_loss": [
    1.1120487755366735,
    1.1042748619261242,
    1.1008797984350296,
    1.0972846502576556,
    1.09579166612171
  ],
  "train_accuracy": [
    0.2998095238095238,
    0.31942857142857145,
    0.3401904761904762,
    0.3575238095238095,
    0.3819047619047619
  ],
  "val_loss": [
    1.1054956979751587,
    1.1003691953023276,
    1.0967911443710328,
    1.0942811148961384,
    1.0924979734420777
  ],
  "val_accuracy": [
    0.284,
    0.324,
    0.39466666666666667,
    0.39466666666666667,
    0.39466666666666667
  ],
  "val_f1": [
    0.20454194275534224,
    0.22199883708324708,
    0.2514597667187258,
    0.2514597667187258,
    0.2514597667187258
  ],
  "lr": [
    7.89567660360848e-05,
    7.89567660360848e-05,
    7.89567660360848e-05,
    7.89567660360848e-05,
    7.89567660360848e-05
  ]
}