{
  "train_loss": [
    1.179526727994283,
    1.1645477603957766,
    1.1514303250994
  ],
  "train_accuracy": [
    0.2721904761904762,
    0.2744761904761905,
    0.2784761904761905
  ],
  "val_loss": [
    1.1465070104599,
    1.1366770709355671,
    1.1289049577713013
  ],
  "val_accuracy": [
    0.27466666666666667,
    0.27466666666666667,
    0.27466666666666667
  ],
  "val_f1": [
    0.18435579877112138,
    0.18435579877112138,
    0.18435579877112138
  ],
  "lr": [
    1.84455967618868e-05,
    1.84455967618868e-05,
    1.84455967618868e-05
  ]
}