{
  "train_loss": [
    1.1071408081054688,
    1.0945941284724645,
    1.0951887133007958,
    1.0890962323688325,
    1.091474202928089
  ],
  "train_accuracy": [
    0.3638095238095238,
    0.38971428571428574,
    0.3891428571428571,
    0.39257142857142857,
    0.39257142857142857
  ],
  "val_loss": [
    1.0881608991622924,
    1.0874951807657878,
    1.0868955472310384,
    1.087167963027954,
    1.0866847705841065
  ],
  "val_accuracy": [
    0.4013333333333333,
    0.4013333333333333,
    0.4026666666666667,
    0.39466666666666667,
    0.4013333333333333
  ],
  "val_f1": [
    0.25364395320853955,
    0.25364395320853955,
    0.26344999697739957,
    0.2514597667187258,
    0.25364395320853955
  ],
  "lr": [
    0.00023761509410083576,
    0.00023761509410083576,
    0.00023761509410083576,
    0.00023761509410083576,
    0.00023761509410083576
  ]
}