{
  "train_loss": [
    1.1139675217583065,
    1.1112031436193557,
    1.1067174269358317
  ],
  "train_accuracy": [
    0.3321904761904762,
    0.33314285714285713,
    0.33180952380952383
  ],
  "val_loss": [
    1.1005731512705486,
    1.0980100377400717,
    1.096137588818868
  ],
  "val_accuracy": [
    0.32133333333333336,
    0.32133333333333336,
    0.32133333333333336
  ],
  "val_f1": [
    0.20399687958883994,
    0.20399687958883994,
    0.20399687958883994
  ],
  "lr": [
    1.9157080023458203e-05,
    1.9157080023458203e-05,
    1.9157080023458203e-05
  ]
}