{
  "train_loss": [
    1.1976215297608148,
    1.1894477328118824,
    1.181863408043271
  ],
  "train_accuracy": [
    0.39276190476190476,
    0.3956190476190476,
    0.3933333333333333
  ],
  "val_loss": [
    1.184018929163615,
    1.1761233981450399,
    1.1684876174926757
  ],
  "val_accuracy": [
    0.4013333333333333,
    0.4013333333333333,
    0.4013333333333333
  ],
  "val_f1": [
    0.25364395320853955,
    0.25364395320853955,
    0.25364395320853955
  ],
  "lr": [
    1.1858092618444842e-05,
    1.1858092618444842e-05,
    1.1858092618444842e-05
  ]
}