{
  "train_loss": [
    1.1097204068501791,
    1.104743308112735,
    1.103995293208531
  ],
  "train_accuracy": [
    0.3335238095238095,
    0.3304761904761905,
    0.33314285714285713
  ],
  "val_loss": [
    1.1009911390940348,
    1.0978131844202677,
    1.0955432459513346
  ],
  "val_accuracy": [
    0.3293333333333333,
    0.332,
    0.33066666666666666
  ],
  "val_f1": [
    0.21790775142800456,
    0.18042750677815844,
    0.17449145092795504
  ],
  "lr": [
    7.157189519652506e-05,
    7.157189519652506e-05,
    7.157189519652506e-05
  ]
}