{
  "train_loss": [
    1.1113822610491797,
    1.0956406986145746,
    1.0907899425143288,
    1.0918817085992722,
    1.0896037124906268
  ],
  "train_accuracy": [
    0.32095238095238093,
    0.36704761904761907,
    0.38552380952380955,
    0.3872380952380952,
    0.3931428571428571
  ],
  "val_loss": [
    1.1002510299682617,
    1.0907435696919758,
    1.087853398958842,
    1.0872879775365194,
    1.0870233192443848
  ],
  "val_accuracy": [
    0.324,
    0.396,
    0.39466666666666667,
    0.39466666666666667,
    0.39466666666666667
  ],
  "val_f1": [
    0.22199883708324708,
    0.24435959989351885,
    0.2514597667187258,
    0.2514597667187258,
    0.2514597667187258
  ],
  "lr": [
    0.00013610671306239333,
    0.00013610671306239333,
    0.00013610671306239333,
    0.00013610671306239333,
    0.00013610671306239333
  ]
}