{
  "train_loss": [
    1.1148893810226803,
    1.1089697075344267,
    1.1103936414718627
  ],
  "train_accuracy": [
    0.3939047619047619,
    0.39504761904761904,
    0.39257142857142857
  ],
  "val_loss": [
    1.0888236147562662,
    1.087435661315918,
    1.087038125038147
  ],
  "val_accuracy": [
    0.4013333333333333,
    0.4,
    0.4013333333333333
  ],
  "val_f1": [
    0.25364395320853955,
    0.24789988629338042,
    0.25364395320853955
  ],
  "lr": [
    7.486110345211428e-05,
    7.486110345211428e-05,
    7.486110345211428e-05
  ]
}