{
  "train_loss": [
    1.09222029313587,
    1.0881888360523042,
    1.087375885918027,
    1.0887426211947486
  ],
  "train_accuracy": [
    0.39066666666666666,
    0.39257142857142857,
    0.3996190476190476,
    0.3935238095238095
  ],
  "val_loss": [
    1.0883267488479613,
    1.087137851079305,
    1.0873120851516724,
    1.087212080001831
  ],
  "val_accuracy": [
    0.3893333333333333,
    0.4013333333333333,
    0.396,
    0.39866666666666667
  ],
  "val_f1": [
    0.1967283382663223,
    0.25364395320853955,
    0.23172107580885834,
    0.23029902007121028
  ],
  "lr": [
    0.0003202395217101217,
    0.0003202395217101217,
    0.0003202395217101217,
    0.0003202395217101217
  ]
}