{
  "train_loss": [
    1.2116466091246831,
    1.1432831943602788,
    1.122732530503046
  ],
  "train_accuracy": [
    0.38704761904761903,
    0.39695238095238095,
    0.3942857142857143
  ],
  "val_loss": [
    1.15927916208903,
    1.1125485200881957,
    1.0951797943115233
  ],
  "val_accuracy": [
    0.4013333333333333,
    0.4013333333333333,
    0.4013333333333333
  ],
  "val_f1": [
    0.25364395320853955,
    0.25364395320853955,
    0.25364395320853955
  ],
  "lr": [
    6.753206271274406e-05,
    6.753206271274406e-05,
    6.753206271274406e-05
  ]
}