{
  "train_loss": [
    1.0988349936803181,
    1.0952442132404872,
    1.0936990342821393
  ],
  "train_accuracy": [
    0.3912380952380952,
    0.3956190476190476,
    0.3961904761904762
  ],
  "val_loss": [
    1.0904087098439534,
    1.0896784671147663,
    1.089335498491923
  ],
  "val_accuracy": [
    0.39466666666666667,
    0.39466666666666667,
    0.39466666666666667
  ],
  "val_f1": [
    0.2514597667187258,
    0.2514597667187258,
    0.2514597667187258
  ],
  "lr": [
    2.774705758667782e-05,
    2.774705758667782e-05,
    2.774705758667782e-05
  ]
}