{
  "train_loss": [
    1.1325820982796806,
    1.117604363168989,
    1.1132460393905639,
    1.1177414925439018,
    1.1138009829748245
  ],
  "train_accuracy": [
    0.28,
    0.30952380952380953,
    0.31314285714285717,
    0.33714285714285713,
    0.364952380952381
  ],
  "val_loss": [
    1.1036164919535318,
    1.1002333304087322,
    1.097675407409668,
    1.0954209260940553,
    1.0937516940434773
  ],
  "val_accuracy": [
    0.284,
    0.284,
    0.4013333333333333,
    0.4013333333333333,
    0.4013333333333333
  ],
  "val_f1": [
    0.20454194275534224,
    0.20454194275534224,
    0.25364395320853955,
    0.25364395320853955,
    0.25364395320853955
  ],
  "lr": [
    2.8097829810647302e-05,
    2.8097829810647302e-05,
    2.8097829810647302e-05,
    2.8097829810647302e-05,
    2.8097829810647302e-05
  ]
}