{
  "train_loss": [
    1.0993059869039625,
    1.0939190186545962,
    1.0895531019029163,
    1.0878235106241136
  ],
  "train_accuracy": [
    0.3699047619047619,
    0.3956190476190476,
    0.39371428571428574,
    0.3961904761904762
  ],
  "val_loss": [
    1.0939095872243245,
    1.0898164313634238,
    1.087598629315694,
    1.086959465344747
  ],
  "val_accuracy": [
    0.3893333333333333,
    0.4013333333333333,
    0.4013333333333333,
    0.4013333333333333
  ],
  "val_f1": [
    0.1967283382663223,
    0.25364395320853955,
    0.25364395320853955,
    0.25364395320853955
  ],
  "lr": [
    0.00019116028038553373,
    0.00019116028038553373,
    0.00019116028038553373,
    0.00019116028038553373
  ]
}