{
  "train_loss": [
    1.0984122184571765,
    1.096137430917649,
    1.0964770852951777,
    1.0960650604793003,
    1.0951344461895172
  ],
  "train_accuracy": [
    0.3961904761904762,
    0.3944761904761905,
    0.39371428571428574,
    0.3942857142857143,
    0.3914285714285714
  ],
  "val_loss": [
    1.0880751565297444,
    1.0879757169087727,
    1.0877404454549153,
    1.0876978737513223,
    1.0877513491312663
  ],
  "val_accuracy": [
    0.4013333333333333,
    0.4013333333333333,
    0.404,
    0.404,
    0.4013333333333333
  ],
  "val_f1": [
    0.24721488314699547,
    0.24721488314699547,
    0.2505911481470883,
    0.2505911481470883,
    0.24721488314699547
  ],
  "lr": [
    5.112380229476219e-05,
    5.112380229476219e-05,
    5.112380229476219e-05,
    5.112380229476219e-05,
    5.112380229476219e-05
  ]
}