{
  "train_loss": [
    1.1007704797472273,
    1.0971358244759697,
    1.0963170770009358
  ],
  "train_accuracy": [
    0.3659047619047619,
    0.37885714285714284,
    0.38533333333333336
  ],
  "val_loss": [
    1.094870480219523,
    1.0937187801996866,
    1.0927503058115642
  ],
  "val_accuracy": [
    0.392,
    0.392,
    0.392
  ],
  "val_f1": [
    0.18773946360153257,
    0.18773946360153257,
    0.18773946360153257
  ],
  "lr": [
    2.6210086891045935e-05,
    2.6210086891045935e-05,
    2.6210086891045935e-05
  ]
}