{
  "train_loss": [
    1.1604582942780994,
    1.1322330190567744,
    1.115530058361235
  ],
  "train_accuracy": [
    0.3373333333333333,
    0.3302857142857143,
    0.35009523809523807
  ],
  "val_loss": [
    1.1324681367874145,
    1.1070632206598918,
    1.0972971757253012
  ],
  "val_accuracy": [
    0.33066666666666666,
    0.33066666666666666,
    0.33066666666666666
  ],
  "val_f1": [
    0.16566466265865062,
    0.16566466265865062,
    0.16566466265865062
  ],
  "lr": [
    0.00011901684683905278,
    0.00011901684683905278,
    0.00011901684683905278
  ]
}