{
  "train_loss": [
    1.1061403919401622,
    1.0985167407989502,
    1.0982928671609788,
    1.0961612162817091,
    1.094330265045166
  ],
  "train_accuracy": [
    0.33371428571428574,
    0.3527619047619048,
    0.368,
    0.37866666666666665,
    0.39085714285714285
  ],
  "val_loss": [
    1.0959589856465657,
    1.092899395306905,
    1.0912526912689209,
    1.0896068677902222,
    1.0886632483800252
  ],
  "val_accuracy": [
    0.33066666666666666,
    0.324,
    0.39466666666666667,
    0.39466666666666667,
    0.39466666666666667
  ],
  "val_f1": [
    0.16566466265865062,
    0.22199883708324708,
    0.2514597667187258,
    0.2514597667187258,
    0.2514597667187258
  ],
  "lr": [
    2.7170759705033293e-05,
    2.7170759705033293e-05,
    2.7170759705033293e-05,
    2.7170759705033293e-05,
    2.7170759705033293e-05
  ]
}