{
  "train_loss": [
    1.1105134851818994,
    1.099206220445179,
    1.0978571454911006,
    1.0942372942879086
  ],
  "train_accuracy": [
    0.3902857142857143,
    0.3942857142857143,
    0.39371428571428574,
    0.3961904761904762
  ],
  "val_loss": [
    1.0874051917394003,
    1.087217533747355,
    1.087132953008016,
    1.088079491297404
  ],
  "val_accuracy": [
    0.4013333333333333,
    0.39866666666666667,
    0.4013333333333333,
    0.39466666666666667
  ],
  "val_f1": [
    0.25364395320853955,
    0.2650110204502297,
    0.25364395320853955,
    0.2514597667187258
  ],
  "lr": [
    0.0003930523912854752,
    0.0003930523912854752,
    0.0003930523912854752,
    0.0003930523912854752
  ]
}