{
  "train_loss": [
    1.221786077771868,
    1.2110470718202138,
    1.2071604756400698
  ],
  "train_accuracy": [
    0.34514285714285714,
    0.3558095238095238,
    0.35714285714285715
  ],
  "val_loss": [
    1.202542319615682,
    1.191998536745707,
    1.1817666184107463
  ],
  "val_accuracy": [
    0.39466666666666667,
    0.39466666666666667,
    0.39466666666666667
  ],
  "val_f1": [
    0.2514597667187258,
    0.2514597667187258,
    0.2514597667187258
  ],
  "lr": [
    2.0168955920901064e-05,
    2.0168955920901064e-05,
    2.0168955920901064e-05
  ]
}