{
  "train_loss": [
    1.1159567569096882,
    1.102167294275193,
    1.0984252560252235,
    1.098040333884103
  ],
  "train_accuracy": [
    0.33180952380952383,
    0.34476190476190477,
    0.37561904761904763,
    0.38761904761904764
  ],
  "val_loss": [
    1.0969088344573974,
    1.0930120369593301,
    1.089943007151286,
    1.0882496865590414
  ],
  "val_accuracy": [
    0.328,
    0.39466666666666667,
    0.39466666666666667,
    0.39466666666666667
  ],
  "val_f1": [
    0.20496843620187746,
    0.2514597667187258,
    0.2514597667187258,
    0.2514597667187258
  ],
  "lr": [
    0.00011381237935593809,
    0.00011381237935593809,
    0.00011381237935593809,
    0.00011381237935593809
  ]
}