{
  "train_loss": [
    1.1119697316487631,
    1.108821873074486,
    1.1068308835256668
  ],
  "train_accuracy": [
    0.36666666666666664,
    0.36666666666666664,
    0.37561904761904763
  ],
  "val_loss": [
    1.0993134915033975,
    1.0970337998072306,
    1.0953599360783894
  ],
  "val_accuracy": [
    0.396,
    0.39066666666666666,
    0.39066666666666666
  ],
  "val_f1": [
    0.23172107580885834,
    0.20153660439191692,
    0.20153660439191692
  ],
  "lr": [
    1.1056989355719464e-05,
    1.1056989355719464e-05,
    1.1056989355719464e-05
  ]
}