{
  "train_loss": [
    1.0947084304264614,
    1.0904905935014997,
    1.0923246007192702,
    1.0896485645203364,
    1.0885334036690848
  ],
  "train_accuracy": [
    0.39485714285714285,
    0.3952380952380952,
    0.3891428571428571,
    0.396,
    0.3940952380952381
  ],
  "val_loss": [
    1.088339903195699,
    1.0880271746317545,
    1.0876366993586222,
    1.0871085637410483,
    1.0871852060953775
  ],
  "val_accuracy": [
    0.4,
    0.39466666666666667,
    0.39866666666666667,
    0.4013333333333333,
    0.4026666666666667
  ],
  "val_f1": [
    0.24789988629338042,
    0.2514597667187258,
    0.2652326800253522,
    0.258765251232225,
    0.26344999697739957
  ],
  "lr": [
    0.00020206928605605298,
    0.00020206928605605298,
    0.00020206928605605298,
    0.00020206928605605298,
    0.00020206928605605298
  ]
}