{
  "train_loss": [
    1.1170888661884126,
    1.114011744181315,
    1.1103308463323684,
    1.1085541516258604,
    1.1032564477466402,
    1.0991304832640147,
    1.1006049831935338,
    1.1000806875683014,
    1.0995626692544846,
    1.0960063460213798
  ],
  "train_accuracy": [
    0.3944761904761905,
    0.3912380952380952,
    0.3912380952380952,
    0.3921904761904762,
    0.39161904761904764,
    0.3956190476190476,
    0.3944761904761905,
    0.3973333333333333,
    0.39466666666666667,
    0.3939047619047619
  ],
  "val_loss": [
    1.1035562680562336,
    1.0995431372324627,
    1.0966298866271973,
    1.0943224871953328,
    1.0928450927734374,
    1.0916680974960327,
    1.0908185717264811,
    1.0900969813664754,
    1.0896371488571166,
    1.089334438641866
  ],
  "val_accuracy": [
    0.392,
    0.39066666666666666,
    0.3893333333333333,
    0.3893333333333333,
    0.39866666666666667,
    0.39866666666666667,
    0.39866666666666667,
    0.4026666666666667,
    0.4026666666666667,
    0.4013333333333333
  ],
  "val_f1": [
    0.18773946360153257,
    0.1872802812400128,
    0.1945364207647227,
    0.1967283382663223,
    0.23029902007121028,
    0.23029902007121028,
    0.23029902007121028,
    0.24189927882632348,
    0.24189927882632348,
    0.25364395320853955
  ],
  "lr": [
    2e-05,
    2e-05,
    2e-05,
    2e-05,
    2e-05,
    2e-05,
    2e-05,
    2e-05,
    2e-05,
    2e-05
  ]
}