{
  "train_loss": [
    1.1166524432954335,
    1.1033463578905378,
    1.1077014328184582
  ],
  "train_accuracy": [
    0.3900952380952381,
    0.3942857142857143,
    0.3893333333333333
  ],
  "val_loss": [
    1.0892886832555135,
    1.0882862742741903,
    1.087381843884786
  ],
  "val_accuracy": [
    0.4013333333333333,
    0.4013333333333333,
    0.4013333333333333
  ],
  "val_f1": [
    0.25364395320853955,
    0.25364395320853955,
    0.25364395320853955
  ],
  "lr": [
    0.00020582884896310107,
    0.00020582884896310107,
    0.00020582884896310107
  ]
}