{
  "train_loss": [
    1.1251625175476074,
    1.1124769337517875,
    1.1073012059983753,
    1.108022904259818
  ],
  "train_accuracy": [
    0.379047619047619,
    0.3942857142857143,
    0.3912380952380952,
    0.3923809523809524
  ],
  "val_loss": [
    1.0939277092615762,
    1.089340203921,
    1.0918369506200154,
    1.087572540283203
  ],
  "val_accuracy": [
    0.4013333333333333,
    0.39866666666666667,
    0.39466666666666667,
    0.4013333333333333
  ],
  "val_f1": [
    0.25364395320853955,
    0.2650110204502297,
    0.2514597667187258,
    0.25364395320853955
  ],
  "lr": [
    0.00022890053216658162,
    0.00022890053216658162,
    0.00022890053216658162,
    0.00022890053216658162
  ]
}