{
  "train_loss": [
    1.1821437159946986,
    1.165507824125744,
    1.1702846516654606
  ],
  "train_accuracy": [
    0.3099047619047619,
    0.31866666666666665,
    0.3129523809523809
  ],
  "val_loss": [
    1.1669378903706868,
    1.156566988627116,
    1.1471337388356526
  ],
  "val_accuracy": [
    0.324,
    0.324,
    0.324
  ],
  "val_f1": [
    0.22199883708324708,
    0.22199883708324708,
    0.22199883708324708
  ],
  "lr": [
    1.870569397921328e-05,
    1.870569397921328e-05,
    1.870569397921328e-05
  ]
}