{
  "train_loss": [
    1.097274433680943,
    1.0913852405548097,
    1.0911792062123618
  ],
  "train_accuracy": [
    0.3939047619047619,
    0.3956190476190476,
    0.3965714285714286
  ],
  "val_loss": [
    1.0898878256479898,
    1.0896122064590454,
    1.0875410251617432
  ],
  "val_accuracy": [
    0.39466666666666667,
    0.396,
    0.39466666666666667
  ],
  "val_f1": [
    0.2514597667187258,
    0.23172107580885834,
    0.2514597667187258
  ],
  "lr": [
    0.00018112799476214877,
    0.00018112799476214877,
    0.00018112799476214877
  ]
}