{
  "train_loss": [
    1.145840835230691,
    1.1178088848477319,
    1.1128693589255922
  ],
  "train_accuracy": [
    0.3933333333333333,
    0.39466666666666667,
    0.3963809523809524
  ],
  "val_loss": [
    1.11940464814504,
    1.0991456212997437,
    1.0919002958933512
  ],
  "val_accuracy": [
    0.39466666666666667,
    0.39466666666666667,
    0.39466666666666667
  ],
  "val_f1": [
    0.2514597667187258,
    0.2514597667187258,
    0.2514597667187258
  ],
  "lr": [
    2.8822880525723847e-05,
    2.8822880525723847e-05,
    2.8822880525723847e-05
  ]
}