{
  "train_loss": [
    1.1129696712493897,
    1.1021851830709548,
    1.1032575701758975,
    1.1000092283430554
  ],
  "train_accuracy": [
    0.3401904761904762,
    0.37104761904761907,
    0.37542857142857144,
    0.3904761904761905
  ],
  "val_loss": [
    1.0983899106979371,
    1.0944488693873087,
    1.09232230981191,
    1.0909051218032837
  ],
  "val_accuracy": [
    0.3893333333333333,
    0.4013333333333333,
    0.4013333333333333,
    0.4013333333333333
  ],
  "val_f1": [
    0.1945364207647227,
    0.25364395320853955,
    0.25364395320853955,
    0.25364395320853955
  ],
  "lr": [
    4.231991211850415e-05,
    4.231991211850415e-05,
    4.231991211850415e-05,
    4.231991211850415e-05
  ]
}