{
  "train_loss": [
    1.1291276541210356,
    1.0951464205242338,
    1.0977339393070766,
    1.0936523083278111
  ],
  "train_accuracy": [
    0.34285714285714286,
    0.3954285714285714,
    0.3891428571428571,
    0.39257142857142857
  ],
  "val_loss": [
    1.0894351256688435,
    1.0875428918202719,
    1.0870486545562743,
    1.0879573062260945
  ],
  "val_accuracy": [
    0.39466666666666667,
    0.4013333333333333,
    0.4013333333333333,
    0.39466666666666667
  ],
  "val_f1": [
    0.2514597667187258,
    0.25364395320853955,
    0.25364395320853955,
    0.2514597667187258
  ],
  "lr": [
    0.0003401794836660868,
    0.0003401794836660868,
    0.0003401794836660868,
    0.0003401794836660868
  ]
}