{
  "train_loss": [
    1.1737452877589634,
    1.1651113398415702,
    1.1535495179494222
  ],
  "train_accuracy": [
    0.2775238095238095,
    0.27485714285714286,
    0.2754285714285714
  ],
  "val_loss": [
    1.1481842737197876,
    1.1382319122950235,
    1.1304734776814778
  ],
  "val_accuracy": [
    0.284,
    0.284,
    0.284
  ],
  "val_f1": [
    0.20454194275534224,
    0.20454194275534224,
    0.20454194275534224
  ],
  "lr": [
    5.5574974251600876e-05,
    5.5574974251600876e-05,
    5.5574974251600876e-05
  ]
}