{
  "train_loss": [
    1.101277104695638,
    1.0964135140237354,
    1.093490653174264,
    1.0926901858647664
  ],
  "train_accuracy": [
    0.36019047619047617,
    0.39161904761904764,
    0.39695238095238095,
    0.39371428571428574
  ],
  "val_loss": [
    1.0959143651326497,
    1.0922559286753337,
    1.0902975479761758,
    1.0890554736455282
  ],
  "val_accuracy": [
    0.39466666666666667,
    0.3973333333333333,
    0.3933333333333333,
    0.3933333333333333
  ],
  "val_f1": [
    0.25451993239399995,
    0.261346466581611,
    0.2532593286813403,
    0.2532593286813403
  ],
  "lr": [
    0.00012376980739225814,
    0.00012376980739225814,
    0.00012376980739225814,
    0.00012376980739225814
  ]
}