{
  "train_loss": [
    1.118408674785069,
    1.1114500740596227,
    1.1056857277552288,
    1.0986349153064545,
    1.0970743521281652
  ],
  "train_accuracy": [
    0.2742857142857143,
    0.28933333333333333,
    0.3299047619047619,
    0.3678095238095238,
    0.38133333333333336
  ],
  "val_loss": [
    1.1107311429977418,
    1.1051386823654175,
    1.0997553583780924,
    1.0953479480743409,
    1.0929106410344442
  ],
  "val_accuracy": [
    0.2786666666666667,
    0.2773333333333333,
    0.39466666666666667,
    0.39466666666666667,
    0.39466666666666667
  ],
  "val_f1": [
    0.15645859286790417,
    0.14474599860821155,
    0.2514597667187258,
    0.2514597667187258,
    0.2514597667187258
  ],
  "lr": [
    6.0830520212526144e-05,
    6.0830520212526144e-05,
    6.0830520212526144e-05,
    6.0830520212526144e-05,
    6.0830520212526144e-05
  ]
}