{
  "train_loss": [
    1.1423764514014834,
    1.1148554603031704,
    1.1021571940013342,
    1.10434825974419
  ],
  "train_accuracy": [
    0.3596190476190476,
    0.37885714285714284,
    0.3902857142857143,
    0.38742857142857146
  ],
  "val_loss": [
    1.0937883876164753,
    1.0883429816563923,
    1.08729896291097,
    1.0872729015350342
  ],
  "val_accuracy": [
    0.392,
    0.4013333333333333,
    0.4013333333333333,
    0.4013333333333333
  ],
  "val_f1": [
    0.18773946360153257,
    0.25364395320853955,
    0.25364395320853955,
    0.25364395320853955
  ],
  "lr": [
    0.00014127364259272532,
    0.00014127364259272532,
    0.00014127364259272532,
    0.00014127364259272532
  ]
}