{
  "train_loss": [
    1.123315462384905,
    1.109151819955735,
    1.1116902483985538,
    1.1113180973416283
  ],
  "train_accuracy": [
    0.3607619047619048,
    0.3864761904761905,
    0.3860952380952381,
    0.392
  ],
  "val_loss": [
    1.0904469073613485,
    1.0879802710215252,
    1.0875740588506062,
    1.0875008907318116
  ],
  "val_accuracy": [
    0.39066666666666666,
    0.4013333333333333,
    0.4013333333333333,
    0.39466666666666667
  ],
  "val_f1": [
    0.1872802812400128,
    0.25364395320853955,
    0.25364395320853955,
    0.2514597667187258
  ],
  "lr": [
    0.00013547022475192012,
    0.00013547022475192012,
    0.00013547022475192012,
    0.00013547022475192012
  ]
}