{
  "accuracy": 0.38866666666666666,
  "f1_macro": 0.21575926037827056,
  "f1_weighted": 0.24383242491993473,
  "classification_report": {
    "positive": {
      "precision": 0.0,
      "recall": 0.0,
      "f1-score": 0.0,
      "support": 496.0
    },
    "negative": {
      "precision": 0.27848101265822783,
      "recall": 0.05301204819277108,
      "f1-score": 0.08906882591093117,
      "support": 415.0
    },
    "neutral": {
      "precision": 0.3947923997185081,
      "recall": 0.9524617996604414,
      "f1-score": 0.5582089552238806,
      "support": 589.0
    },
    "accuracy": 0.38866666666666666,
    "macro avg": {
      "precision": 0.22442447079224528,
      "recall": 0.3351579492844042,
      "f1-score": 0.21575926037827056,
      "support": 1500.0
    },
    "weighted avg": {
      "precision": 0.23206822912491054,
      "recall": 0.38866666666666666,
      "f1-score": 0.24383242491993473,
      "support": 1500.0
    }
  },
  "confusion_matrix": [
    [
      0,
      29,
      467
    ],
    [
      0,
      22,
      393
    ],
    [
      0,
      28,
      561
    ]
  ],
  "model_type": "hybrid",
  "test_samples": 1500
}