{
  "train_loss": [
    1.1072899792534965,
    1.1067930834633963,
    1.1076400043850854,
    1.1042919948214576,
    1.1035467108317785
  ],
  "train_accuracy": [
    0.27790476190476193,
    0.2786666666666667,
    0.2765714285714286,
    0.2859047619047619,
    0.2859047619047619
  ],
  "val_loss": [
    1.1059157069524128,
    1.1050551624298095,
    1.1043392941157024,
    1.1036144329706827,
    1.1029005670547485
  ],
  "val_accuracy": [
    0.2733333333333333,
    0.268,
    0.27466666666666667,
    0.27466666666666667,
    0.27466666666666667
  ],
  "val_f1": [
    0.1673667315507291,
    0.16900016608536786,
    0.18435579877112138,
    0.18435579877112138,
    0.18435579877112138
  ],
  "lr": [
    1.7269368068429586e-05,
    1.7269368068429586e-05,
    1.7269368068429586e-05,
    1.7269368068429586e-05,
    1.7269368068429586e-05
  ]
}