{
  "train_loss": [
    1.1523838091350738,
    1.1484160893076942,
    1.142004753975641
  ],
  "train_accuracy": [
    0.3340952380952381,
    0.3373333333333333,
    0.33485714285714285
  ],
  "val_loss": [
    1.125561072031657,
    1.1181733481089273,
    1.1124092003504435
  ],
  "val_accuracy": [
    0.33066666666666666,
    0.33066666666666666,
    0.33066666666666666
  ],
  "val_f1": [
    0.16566466265865062,
    0.16566466265865062,
    0.16566466265865062
  ],
  "lr": [
    1.4779228101852966e-05,
    1.4779228101852966e-05,
    1.4779228101852966e-05
  ]
}