{
  "train_loss": [
    1.110187448592413,
    1.0983478867894128,
    1.0933743621281216,
    1.0920113485200065
  ],
  "train_accuracy": [
    0.3514285714285714,
    0.38666666666666666,
    0.388,
    0.3940952380952381
  ],
  "val_loss": [
    1.0891665798823038,
    1.086687201499939,
    1.0882697289784748,
    1.0865045696894329
  ],
  "val_accuracy": [
    0.39066666666666666,
    0.4013333333333333,
    0.39466666666666667,
    0.4013333333333333
  ],
  "val_f1": [
    0.2188450499078953,
    0.25364395320853955,
    0.2514597667187258,
    0.25364395320853955
  ],
  "lr": [
    0.00031468351678326175,
    0.00031468351678326175,
    0.00031468351678326175,
    0.00031468351678326175
  ]
}