{
  "train_loss": [
    1.1136094928468976,
    1.109874393644787,
    1.105432106472197,
    1.1062426082066128,
    1.1068088469732376
  ],
  "train_accuracy": [
    0.28819047619047616,
    0.3100952380952381,
    0.3161904761904762,
    0.34704761904761905,
    0.3702857142857143
  ],
  "val_loss": [
    1.1020656760533651,
    1.099660641670227,
    1.0982307424545288,
    1.097016830444336,
    1.0961351798375447
  ],
  "val_accuracy": [
    0.2773333333333333,
    0.2773333333333333,
    0.39466666666666667,
    0.4013333333333333,
    0.4013333333333333
  ],
  "val_f1": [
    0.14474599860821155,
    0.14474599860821155,
    0.2514597667187258,
    0.25364395320853955,
    0.25364395320853955
  ],
  "lr": [
    1.2600750816882955e-05,
    1.2600750816882955e-05,
    1.2600750816882955e-05,
    1.2600750816882955e-05,
    1.2600750816882955e-05
  ]
}