{
  "train_loss": [
    1.1072306206112816,
    1.1005361891246976,
    1.0999946268172491
  ],
  "train_accuracy": [
    0.39085714285714285,
    0.3944761904761905,
    0.38952380952380955
  ],
  "val_loss": [
    1.0984797449111938,
    1.0950241540273031,
    1.0932150475184124
  ],
  "val_accuracy": [
    0.392,
    0.392,
    0.392
  ],
  "val_f1": [
    0.18773946360153257,
    0.18773946360153257,
    0.18773946360153257
  ],
  "lr": [
    5.406385862394645e-05,
    5.406385862394645e-05,
    5.406385862394645e-05
  ]
}