{
  "train_loss": [
    1.1146116842542375,
    1.1056126541864304,
    1.0975538032168435
  ],
  "train_accuracy": [
    0.3699047619047619,
    0.39371428571428574,
    0.39485714285714285
  ],
  "val_loss": [
    1.0883142458597819,
    1.0876179129282633,
    1.0891083612442016
  ],
  "val_accuracy": [
    0.4013333333333333,
    0.392,
    0.4026666666666667
  ],
  "val_f1": [
    0.25364395320853955,
    0.20195654177510738,
    0.24189927882632348
  ],
  "lr": [
    0.0003897837228638647,
    0.0003897837228638647,
    0.0003897837228638647
  ]
}