{
  "train_loss": [
    1.120856356984093,
    1.105456673258827,
    1.1004320179621379,
    1.1050447339557465,
    1.101012923603966
  ],
  "train_accuracy": [
    0.39085714285714285,
    0.3904761904761905,
    0.3956190476190476,
    0.39295238095238094,
    0.3977142857142857
  ],
  "val_loss": [
    1.091431310335795,
    1.0875584748586018,
    1.0871730845769247,
    1.0870157079696656,
    1.087092741648356
  ],
  "val_accuracy": [
    0.39066666666666666,
    0.404,
    0.39866666666666667,
    0.4,
    0.396
  ],
  "val_f1": [
    0.1961504563495584,
    0.2505911481470883,
    0.2652326800253522,
    0.23807679938510143,
    0.23172107580885834
  ],
  "lr": [
    0.00014598091501391672,
    0.00014598091501391672,
    0.00014598091501391672,
    0.00014598091501391672,
    0.00014598091501391672
  ]
}