{
  "train_loss": [
    1.1154227405729749,
    1.1012935702460154,
    1.1008131906418572,
    1.0949639791761125,
    1.0921527845745995
  ],
  "train_accuracy": [
    0.3129523809523809,
    0.35009523809523807,
    0.3660952380952381,
    0.3872380952380952,
    0.38761904761904764
  ],
  "val_loss": [
    1.0989910157521565,
    1.0944570178985595,
    1.091525815963745,
    1.0896133286158243,
    1.0887713136672974
  ],
  "val_accuracy": [
    0.332,
    0.33066666666666666,
    0.4013333333333333,
    0.4013333333333333,
    0.4013333333333333
  ],
  "val_f1": [
    0.18042750677815844,
    0.16566466265865062,
    0.25364395320853955,
    0.25364395320853955,
    0.25364395320853955
  ],
  "lr": [
    3.3447814279047585e-05,
    3.3447814279047585e-05,
    3.3447814279047585e-05,
    3.3447814279047585e-05,
    3.3447814279047585e-05
  ]
}