{
  "train_loss": [
    1.1096423551922752,
    1.0959925116584415,
    1.0912407029923938
  ],
  "train_accuracy": [
    0.3575238095238095,
    0.39257142857142857,
    0.3954285714285714
  ],
  "val_loss": [
    1.0916281293233236,
    1.088879368464152,
    1.0884061625798542
  ],
  "val_accuracy": [
    0.4013333333333333,
    0.39466666666666667,
    0.39466666666666667
  ],
  "val_f1": [
    0.25364395320853955,
    0.2514597667187258,
    0.2514597667187258
  ],
  "lr": [
    0.00018992035069338253,
    0.00018992035069338253,
    0.00018992035069338253
  ]
}