{
  "train_loss": [
    1.295616567293803,
    1.2087366547584533,
    1.1612711877368744
  ],
  "train_accuracy": [
    0.388,
    0.3956190476190476,
    0.3965714285714286
  ],
  "val_loss": [
    1.257960552851359,
    1.1758888368606568,
    1.1242031351725261
  ],
  "val_accuracy": [
    0.39466666666666667,
    0.39466666666666667,
    0.39466666666666667
  ],
  "val_f1": [
    0.2514597667187258,
    0.2514597667187258,
    0.2514597667187258
  ],
  "lr": [
    0.00014177594711579686,
    0.00014177594711579686,
    0.00014177594711579686
  ]
}