{
  "train_loss": [
    1.106659426098778,
    1.0943489917119344,
    1.0909670207386926,
    1.088953696477981,
    1.0899354811168853
  ],
  "train_accuracy": [
    0.32876190476190476,
    0.39485714285714285,
    0.3956190476190476,
    0.3994285714285714,
    0.39257142857142857
  ],
  "val_loss": [
    1.0927520933151245,
    1.0879474372863769,
    1.0869507230122883,
    1.0869924434026081,
    1.0870401474634805
  ],
  "val_accuracy": [
    0.39466666666666667,
    0.39466666666666667,
    0.3973333333333333,
    0.39466666666666667,
    0.39466666666666667
  ],
  "val_f1": [
    0.2514597667187258,
    0.2514597667187258,
    0.2603961050055778,
    0.2514597667187258,
    0.2514597667187258
  ],
  "lr": [
    0.0001967757670170213,
    0.0001967757670170213,
    0.0001967757670170213,
    0.0001967757670170213,
    0.0001967757670170213
  ]
}