{
  "train_loss": [
    1.193330328895932,
    1.1539684367406935,
    1.136564434959775
  ],
  "train_accuracy": [
    0.3782857142857143,
    0.388,
    0.392
  ],
  "val_loss": [
    1.1599427315394084,
    1.1259947163263957,
    1.1072196486790975
  ],
  "val_accuracy": [
    0.39466666666666667,
    0.39466666666666667,
    0.39466666666666667
  ],
  "val_f1": [
    0.2514597667187258,
    0.2514597667187258,
    0.2514597667187258
  ],
  "lr": [
    5.695458458253623e-05,
    5.695458458253623e-05,
    5.695458458253623e-05
  ]
}