{
  "train_loss": [
    1.1806511247725713,
    1.1392673467000325,
    1.1342047127314976,
    1.1230197925113496
  ],
  "train_accuracy": [
    0.32495238095238094,
    0.34285714285714286,
    0.3681904761904762,
    0.384
  ],
  "val_loss": [
    1.1329968465169271,
    1.1067598673502603,
    1.0955908012390136,
    1.0924586280186972
  ],
  "val_accuracy": [
    0.33066666666666666,
    0.4013333333333333,
    0.4013333333333333,
    0.4013333333333333
  ],
  "val_f1": [
    0.16566466265865062,
    0.25364395320853955,
    0.25364395320853955,
    0.25364395320853955
  ],
  "lr": [
    4.8655388455390536e-05,
    4.8655388455390536e-05,
    4.8655388455390536e-05,
    4.8655388455390536e-05
  ]
}