{
  "train_loss": [
    1.2003142521721977,
    1.1989235606420607,
    1.186308832895188
  ],
  "train_accuracy": [
    0.35619047619047617,
    0.35942857142857143,
    0.3620952380952381
  ],
  "val_loss": [
    1.1981345440546671,
    1.1932864542007446,
    1.188518802324931
  ],
  "val_accuracy": [
    0.392,
    0.392,
    0.392
  ],
  "val_f1": [
    0.18773946360153257,
    0.18773946360153257,
    0.18773946360153257
  ],
  "lr": [
    1.1280807713292253e-05,
    1.1280807713292253e-05,
    1.1280807713292253e-05
  ]
}