{
  "train_loss": [
    1.1371434725806826,
    1.12843866784232,
    1.1310459264573596
  ],
  "train_accuracy": [
    0.33504761904761904,
    0.33066666666666666,
    0.33676190476190476
  ],
  "val_loss": [
    1.1019962431589763,
    1.1010343545277914,
    1.1001380446751912
  ],
  "val_accuracy": [
    0.324,
    0.324,
    0.324
  ],
  "val_f1": [
    0.22199883708324708,
    0.22199883708324708,
    0.22199883708324708
  ],
  "lr": [
    1.0543251186670692e-05,
    1.0543251186670692e-05,
    1.0543251186670692e-05
  ]
}