{
  "train_loss": [
    1.1169963004702614,
    1.1114116488865444,
    1.1047654520216443,
    1.102118359611148
  ],
  "train_accuracy": [
    0.28,
    0.3078095238095238,
    0.3647619047619048,
    0.3860952380952381
  ],
  "val_loss": [
    1.1064212430318197,
    1.101193767229716,
    1.0971053400039672,
    1.0945985717773437
  ],
  "val_accuracy": [
    0.27466666666666667,
    0.392,
    0.392,
    0.392
  ],
  "val_f1": [
    0.18435579877112138,
    0.18773946360153257,
    0.18773946360153257,
    0.18773946360153257
  ],
  "lr": [
    7.401765919081499e-05,
    7.401765919081499e-05,
    7.401765919081499e-05,
    7.401765919081499e-05
  ]
}