{
  "train_loss": [
    1.118028312955584,
    1.1063613464718773,
    1.0981436917441232
  ],
  "train_accuracy": [
    0.37104761904761907,
    0.392,
    0.39866666666666667
  ],
  "val_loss": [
    1.095622506459554,
    1.0923036890029907,
    1.090472939491272
  ],
  "val_accuracy": [
    0.392,
    0.392,
    0.392
  ],
  "val_f1": [
    0.18773946360153257,
    0.18773946360153257,
    0.18773946360153257
  ],
  "lr": [
    0.00010743386347088847,
    0.00010743386347088847,
    0.00010743386347088847
  ]
}