{
  "train_loss": [
    1.1331981866019112,
    1.1102542021615165,
    1.1103753519966488
  ],
  "train_accuracy": [
    0.3780952380952381,
    0.39085714285714285,
    0.38704761904761903
  ],
  "val_loss": [
    1.0950289233525594,
    1.0895494988759358,
    1.0888122749328613
  ],
  "val_accuracy": [
    0.4013333333333333,
    0.4013333333333333,
    0.4013333333333333
  ],
  "val_f1": [
    0.25364395320853955,
    0.25364395320853955,
    0.25364395320853955
  ],
  "lr": [
    0.00013044840023498214,
    0.00013044840023498214,
    0.00013044840023498214
  ]
}