{
  "train_loss": [
    1.1321667347862607,
    1.1160555907204037,
    1.1036546392440796,
    1.098118840671721
  ],
  "train_accuracy": [
    0.36457142857142855,
    0.3931428571428571,
    0.3944761904761905,
    0.39161904761904764
  ],
  "val_loss": [
    1.0876719439824423,
    1.088882952372233,
    1.0902280963261923,
    1.0865586207707723
  ],
  "val_accuracy": [
    0.3973333333333333,
    0.4013333333333333,
    0.39466666666666667,
    0.4013333333333333
  ],
  "val_f1": [
    0.23235650937081662,
    0.25364395320853955,
    0.2514597667187258,
    0.25364395320853955
  ],
  "lr": [
    0.00037303028416206497,
    0.00037303028416206497,
    0.00037303028416206497,
    0.00037303028416206497
  ]
}