{
  "train_loss": [
    1.1229899187315078,
    1.1220317011333647,
    1.12098700041998
  ],
  "train_accuracy": [
    0.27485714285714286,
    0.2756190476190476,
    0.27466666666666667
  ],
  "val_loss": [
    1.120634518623352,
    1.1186627181371054,
    1.1170865758260091
  ],
  "val_accuracy": [
    0.284,
    0.284,
    0.28
  ],
  "val_f1": [
    0.20454194275534224,
    0.20454194275534224,
    0.18274054144615595
  ],
  "lr": [
    2.5843966352156972e-05,
    2.5843966352156972e-05,
    2.5843966352156972e-05
  ]
}