{
  "train_loss": [
    1.0959655934288388,
    1.089075545220148,
    1.0893776052565802
  ],
  "train_accuracy": [
    0.3914285714285714,
    0.3956190476190476,
    0.3952380952380952
  ],
  "val_loss": [
    1.0874527425765992,
    1.0876264470418295,
    1.0869425172805787
  ],
  "val_accuracy": [
    0.4013333333333333,
    0.39466666666666667,
    0.4026666666666667
  ],
  "val_f1": [
    0.25364395320853955,
    0.2514597667187258,
    0.24189927882632348
  ],
  "lr": [
    0.0004699667162399131,
    0.0004699667162399131,
    0.0004699667162399131
  ]
}