{
  "train_loss": [
    1.1146639663378397,
    1.10960203120822,
    1.1060045498439244
  ],
  "train_accuracy": [
    0.36133333333333334,
    0.38171428571428573,
    0.38857142857142857
  ],
  "val_loss": [
    1.1071796684265136,
    1.1034367621739705,
    1.100820301691691
  ],
  "val_accuracy": [
    0.392,
    0.392,
    0.392
  ],
  "val_f1": [
    0.18773946360153257,
    0.18773946360153257,
    0.18773946360153257
  ],
  "lr": [
    1.532983991065931e-05,
    1.532983991065931e-05,
    1.532983991065931e-05
  ]
}