{
  "train_loss": [
    1.1145359738667806,
    1.096132127216884,
    1.091721826008388
  ],
  "train_accuracy": [
    0.29923809523809525,
    0.38057142857142856,
    0.3902857142857143
  ],
  "val_loss": [
    1.095719269434611,
    1.0890414441426595,
    1.0882464192708334
  ],
  "val_accuracy": [
    0.39466666666666667,
    0.39466666666666667,
    0.39066666666666666
  ],
  "val_f1": [
    0.2514597667187258,
    0.2514597667187258,
    0.1961504563495584
  ],
  "lr": [
    0.0001721435032768261,
    0.0001721435032768261,
    0.0001721435032768261
  ]
}