{
  "train_loss": [
    1.0966028028215682,
    1.0899676503681002,
    1.089036885488601,
    1.0886613335382371,
    1.0879641849426995
  ],
  "train_accuracy": [
    0.36342857142857143,
    0.3912380952380952,
    0.3904761904761905,
    0.396,
    0.39485714285714285
  ],
  "val_loss": [
    1.0896489588419596,
    1.0877281233469644,
    1.0870741993586222,
    1.0872571907043458,
    1.0868357111612956
  ],
  "val_accuracy": [
    0.39066666666666666,
    0.39066666666666666,
    0.4,
    0.39466666666666667,
    0.4013333333333333
  ],
  "val_f1": [
    0.1872802812400128,
    0.20153660439191692,
    0.267035793337672,
    0.2514597667187258,
    0.25364395320853955
  ],
  "lr": [
    0.0002886064015072536,
    0.0002886064015072536,
    0.0002886064015072536,
    0.0002886064015072536,
    0.0002886064015072536
  ]
}