{
  "train_loss": [
    1.0974473886035738,
    1.0968318897428966,
    1.0966508168265934
  ],
  "train_accuracy": [
    0.37638095238095237,
    0.37276190476190474,
    0.38133333333333336
  ],
  "val_loss": [
    1.0954935522079468,
    1.0948876883188883,
    1.094407225926717
  ],
  "val_accuracy": [
    0.392,
    0.392,
    0.392
  ],
  "val_f1": [
    0.18773946360153257,
    0.18773946360153257,
    0.18773946360153257
  ],
  "lr": [
    1.8008841617359836e-05,
    1.8008841617359836e-05,
    1.8008841617359836e-05
  ]
}