{
  "train_loss": [
    1.0987124520256406,
    1.0956695472399394,
    1.092667032355354,
    1.0905913524627686
  ],
  "train_accuracy": [
    0.3942857142857143,
    0.3963809523809524,
    0.39504761904761904,
    0.39504761904761904
  ],
  "val_loss": [
    1.088876919746399,
    1.0874163773854573,
    1.0904909741083781,
    1.0879343684514364
  ],
  "val_accuracy": [
    0.39066666666666666,
    0.4013333333333333,
    0.39466666666666667,
    0.39066666666666666
  ],
  "val_f1": [
    0.19472808240744907,
    0.25364395320853955,
    0.2514597667187258,
    0.20153660439191692
  ],
  "lr": [
    0.00013006575496361418,
    0.00013006575496361418,
    0.00013006575496361418,
    0.00013006575496361418
  ]
}