{
  "train_loss": [
    1.261048299335298,
    1.1857401372818719,
    1.1455600191752116
  ],
  "train_accuracy": [
    0.32857142857142857,
    0.3238095238095238,
    0.3339047619047619
  ],
  "val_loss": [
    1.206523992538452,
    1.1449862492879233,
    1.1145214567184447
  ],
  "val_accuracy": [
    0.33066666666666666,
    0.33066666666666666,
    0.33066666666666666
  ],
  "val_f1": [
    0.16566466265865062,
    0.16566466265865062,
    0.16566466265865062
  ],
  "lr": [
    3.79889224926393e-05,
    3.79889224926393e-05,
    3.79889224926393e-05
  ]
}