{
  "train_loss": [
    1.1352896157219297,
    1.133803903625125,
    1.1311076815014793,
    1.1350101882389614
  ],
  "train_accuracy": [
    0.39085714285714285,
    0.3904761904761905,
    0.3961904761904762,
    0.3939047619047619
  ],
  "val_loss": [
    1.0907379191716513,
    1.0886998685201008,
    1.0878098735809325,
    1.0876230449676514
  ],
  "val_accuracy": [
    0.396,
    0.396,
    0.39866666666666667,
    0.396
  ],
  "val_f1": [
    0.23172107580885834,
    0.23172107580885834,
    0.23029902007121028,
    0.23172107580885834
  ],
  "lr": [
    7.576556982209176e-05,
    7.576556982209176e-05,
    7.576556982209176e-05,
    3.788278491104588e-05
  ]
}