{
  "train_loss": [
    1.0929705211094447,
    1.092193314461481,
    1.0915140072050549
  ],
  "train_accuracy": [
    0.39885714285714285,
    0.39504761904761904,
    0.3952380952380952
  ],
  "val_loss": [
    1.0901062628428142,
    1.0896338278452555,
    1.0891777884165446
  ],
  "val_accuracy": [
    0.396,
    0.39866666666666667,
    0.39866666666666667
  ],
  "val_f1": [
    0.23317977381669364,
    0.23029902007121028,
    0.23029902007121028
  ],
  "lr": [
    6.0360046942161724e-05,
    6.0360046942161724e-05,
    6.0360046942161724e-05
  ]
}