{
  "train_loss": [
    1.1125853591192336,
    1.0972123754365104,
    1.0948362136114211
  ],
  "train_accuracy": [
    0.3177142857142857,
    0.39504761904761904,
    0.3942857142857143
  ],
  "val_loss": [
    1.09422021929423,
    1.0886620378494263,
    1.087239463488261
  ],
  "val_accuracy": [
    0.4013333333333333,
    0.4026666666666667,
    0.4013333333333333
  ],
  "val_f1": [
    0.25364395320853955,
    0.24189927882632348,
    0.25364395320853955
  ],
  "lr": [
    9.251817726294057e-05,
    9.251817726294057e-05,
    9.251817726294057e-05
  ]
}