{
  "train_loss": [
    1.112810258592878,
    1.1023490271795364,
    1.0980237696965536,
    1.0956603693280902
  ],
  "train_accuracy": [
    0.3038095238095238,
    0.3619047619047619,
    0.388,
    0.39085714285714285
  ],
  "val_loss": [
    1.0992727816899617,
    1.093277240117391,
    1.0901021960576376,
    1.0883937136332194
  ],
  "val_accuracy": [
    0.2786666666666667,
    0.39466666666666667,
    0.39466666666666667,
    0.39466666666666667
  ],
  "val_f1": [
    0.19059724086715604,
    0.2514597667187258,
    0.2514597667187258,
    0.2514597667187258
  ],
  "lr": [
    6.712043668895543e-05,
    6.712043668895543e-05,
    6.712043668895543e-05,
    6.712043668895543e-05
  ]
}