{
  "train_loss": [
    1.1546756538209462,
    1.1490123256955829,
    1.1430282002857752
  ],
  "train_accuracy": [
    0.3017142857142857,
    0.3041904761904762,
    0.30914285714285716
  ],
  "val_loss": [
    1.128949364344279,
    1.12437983417511,
    1.1199821116129558
  ],
  "val_accuracy": [
    0.2773333333333333,
    0.2773333333333333,
    0.2773333333333333
  ],
  "val_f1": [
    0.14474599860821155,
    0.14474599860821155,
    0.14474599860821155
  ],
  "lr": [
    1.4358216635006904e-05,
    1.4358216635006904e-05,
    1.4358216635006904e-05
  ]
}