{
  "train_loss": [
    1.133639830271403,
    1.1172346457526798,
    1.1156461782001315
  ],
  "train_accuracy": [
    0.3798095238095238,
    0.38552380952380955,
    0.39180952380952383
  ],
  "val_loss": [
    1.0907798318862916,
    1.0875575377146403,
    1.0886697422663372
  ],
  "val_accuracy": [
    0.39466666666666667,
    0.4026666666666667,
    0.39466666666666667
  ],
  "val_f1": [
    0.2514597667187258,
    0.24189927882632348,
    0.2514597667187258
  ],
  "lr": [
    0.0001689419535151746,
    0.0001689419535151746,
    0.0001689419535151746
  ]
}