{
  "train_loss": [
    1.1094994386491321,
    1.0981033928280786,
    1.0997538877214703
  ],
  "train_accuracy": [
    0.3584761904761905,
    0.3994285714285714,
    0.39714285714285713
  ],
  "val_loss": [
    1.0949777069091797,
    1.0920834439595541,
    1.0904865074157715
  ],
  "val_accuracy": [
    0.4013333333333333,
    0.4013333333333333,
    0.4013333333333333
  ],
  "val_f1": [
    0.25364395320853955,
    0.25364395320853955,
    0.25364395320853955
  ],
  "lr": [
    7.941295175685386e-05,
    7.941295175685386e-05,
    7.941295175685386e-05
  ]
}