{
  "train_loss": [
    1.1133081756773449,
    1.1115052159627279,
    1.107004687945048,
    1.1041353423708962,
    1.1061505134673346
  ],
  "train_accuracy": [
    0.29085714285714287,
    0.3076190476190476,
    0.30914285714285716,
    0.3312380952380952,
    0.3220952380952381
  ],
  "val_loss": [
    1.107378491083781,
    1.1037185246149699,
    1.1010207455952963,
    1.0986965312957764,
    1.0969309670130412
  ],
  "val_accuracy": [
    0.28,
    0.32266666666666666,
    0.32266666666666666,
    0.324,
    0.324
  ],
  "val_f1": [
    0.18274054144615595,
    0.21399466838176837,
    0.21983961983961983,
    0.22199883708324708,
    0.22204442666488874
  ],
  "lr": [
    2.5955276194198878e-05,
    2.5955276194198878e-05,
    2.5955276194198878e-05,
    2.5955276194198878e-05,
    2.5955276194198878e-05
  ]
}