{
  "train_loss": [
    1.114303047452654,
    1.1056011810302735,
    1.098949814342317,
    1.0981120624996368
  ],
  "train_accuracy": [
    0.3931428571428571,
    0.39580952380952383,
    0.3961904761904762,
    0.3994285714285714
  ],
  "val_loss": [
    1.0870652542114259,
    1.0919378754297893,
    1.0869966910680136,
    1.0885217208862306
  ],
  "val_accuracy": [
    0.4013333333333333,
    0.4013333333333333,
    0.39466666666666667,
    0.39466666666666667
  ],
  "val_f1": [
    0.23547087462454278,
    0.25364395320853955,
    0.2514597667187258,
    0.2514597667187258
  ],
  "lr": [
    0.0002591557305211175,
    0.0002591557305211175,
    0.0002591557305211175,
    0.0002591557305211175
  ]
}