{
  "train_loss": [
    1.1001378060295468,
    1.0913480074292137,
    1.0901495287758964,
    1.088053876241048
  ],
  "train_accuracy": [
    0.38361904761904764,
    0.3961904761904762,
    0.3944761904761905,
    0.39676190476190476
  ],
  "val_loss": [
    1.0911081978480022,
    1.088957228342692,
    1.087201912244161,
    1.0869058748881022
  ],
  "val_accuracy": [
    0.4013333333333333,
    0.3973333333333333,
    0.4013333333333333,
    0.4013333333333333
  ],
  "val_f1": [
    0.25364395320853955,
    0.261346466581611,
    0.25364395320853955,
    0.25364395320853955
  ],
  "lr": [
    0.00018450127560461007,
    0.00018450127560461007,
    0.00018450127560461007,
    0.00018450127560461007
  ]
}