{
  "train_loss": [
    1.1910263676416306,
    1.1728596567426408,
    1.1492001278286887
  ],
  "train_accuracy": [
    0.31961904761904764,
    0.3171428571428571,
    0.34495238095238095
  ],
  "val_loss": [
    1.168944497426351,
    1.1439835611979168,
    1.1259866841634114
  ],
  "val_accuracy": [
    0.33066666666666666,
    0.33066666666666666,
    0.33066666666666666
  ],
  "val_f1": [
    0.16566466265865062,
    0.16566466265865062,
    0.16566466265865062
  ],
  "lr": [
    3.1716481745983856e-05,
    3.1716481745983856e-05,
    3.1716481745983856e-05
  ]
}