{
  "train_loss": [
    1.117255597114563,
    1.1087398738861085,
    1.1065130601610456
  ],
  "train_accuracy": [
    0.3921904761904762,
    0.3921904761904762,
    0.39371428571428574
  ],
  "val_loss": [
    1.1047368828455608,
    1.0988657395044963,
    1.0952840525309244
  ],
  "val_accuracy": [
    0.392,
    0.392,
    0.392
  ],
  "val_f1": [
    0.18773946360153257,
    0.18773946360153257,
    0.18773946360153257
  ],
  "lr": [
    3.2705248725867105e-05,
    3.2705248725867105e-05,
    3.2705248725867105e-05
  ]
}