{
  "train_loss": [
    1.0937574871608189,
    1.0913401293527512,
    1.089798389707293
  ],
  "train_accuracy": [
    0.39295238095238094,
    0.3931428571428571,
    0.396
  ],
  "val_loss": [
    1.0896330642700196,
    1.088611564318339,
    1.0879563226699829
  ],
  "val_accuracy": [
    0.4013333333333333,
    0.39866666666666667,
    0.404
  ],
  "val_f1": [
    0.25364395320853955,
    0.23044213654542292,
    0.2505911481470883
  ],
  "lr": [
    7.527118674444602e-05,
    7.527118674444602e-05,
    7.527118674444602e-05
  ]
}