{
  "train_loss": [
    1.1299702638898577,
    1.1258809807641166,
    1.117376404716855
  ],
  "train_accuracy": [
    0.3283809523809524,
    0.3281904761904762,
    0.32780952380952383
  ],
  "val_loss": [
    1.1059095207850138,
    1.1022024116516114,
    1.099574231147766
  ],
  "val_accuracy": [
    0.324,
    0.324,
    0.324
  ],
  "val_f1": [
    0.22199883708324708,
    0.22199883708324708,
    0.22199883708324708
  ],
  "lr": [
    4.1508073707642e-05,
    4.1508073707642e-05,
    4.1508073707642e-05
  ]
}