{
  "train_loss": [
    1.1013134779703049,
    1.093688977831886,
    1.0956112733341399,
    1.09609223147801,
    1.0915361373538062
  ],
  "train_accuracy": [
    0.3940952380952381,
    0.39695238095238095,
    0.39466666666666667,
    0.3891428571428571,
    0.39257142857142857
  ],
  "val_loss": [
    1.0885593585968019,
    1.0875445731480917,
    1.08737353293101,
    1.087248212814331,
    1.0872508684794109
  ],
  "val_accuracy": [
    0.392,
    0.396,
    0.396,
    0.4013333333333333,
    0.4013333333333333
  ],
  "val_f1": [
    0.18773946360153257,
    0.23172107580885834,
    0.23172107580885834,
    0.24721488314699547,
    0.24721488314699547
  ],
  "lr": [
    7.833657933307811e-05,
    7.833657933307811e-05,
    7.833657933307811e-05,
    7.833657933307811e-05,
    7.833657933307811e-05
  ]
}