{
  "train_loss": [
    1.1077031950269427,
    1.1062681971958706,
    1.1019215683710006
  ],
  "train_accuracy": [
    0.3335238095238095,
    0.33371428571428574,
    0.3485714285714286
  ],
  "val_loss": [
    1.1008330020904542,
    1.0976210114161173,
    1.0953371305465698
  ],
  "val_accuracy": [
    0.32133333333333336,
    0.32133333333333336,
    0.32133333333333336
  ],
  "val_f1": [
    0.20399687958883994,
    0.20399687958883994,
    0.20399687958883994
  ],
  "lr": [
    2.8774865189329982e-05,
    2.8774865189329982e-05,
    2.8774865189329982e-05
  ]
}