{
  "train_loss": [
    1.1780052070617675,
    1.1198093226296562,
    1.1025171888442267,
    1.0961642405646188
  ],
  "train_accuracy": [
    0.31752380952380954,
    0.3588571428571429,
    0.3761904761904762,
    0.3819047619047619
  ],
  "val_loss": [
    1.1342273502349853,
    1.1004399913152059,
    1.0909056927363079,
    1.0881243270238241
  ],
  "val_accuracy": [
    0.39066666666666666,
    0.39466666666666667,
    0.39466666666666667,
    0.39466666666666667
  ],
  "val_f1": [
    0.2188450499078953,
    0.2514597667187258,
    0.2514597667187258,
    0.2514597667187258
  ],
  "lr": [
    0.0002085098320035463,
    0.0002085098320035463,
    0.0002085098320035463,
    0.0002085098320035463
  ]
}