{
  "train_loss": [
    1.1273963543119885,
    1.1153389007023402,
    1.1092614302862258,
    1.1214647091456822
  ],
  "train_accuracy": [
    0.36114285714285715,
    0.3878095238095238,
    0.39504761904761904,
    0.3912380952380952
  ],
  "val_loss": [
    1.0886081059773762,
    1.087686663945516,
    1.0871077880859374,
    1.0870330368677774
  ],
  "val_accuracy": [
    0.4026666666666667,
    0.4026666666666667,
    0.4013333333333333,
    0.4013333333333333
  ],
  "val_f1": [
    0.2462406485247471,
    0.26344999697739957,
    0.25384294770107435,
    0.25364395320853955
  ],
  "lr": [
    0.00012722137194322262,
    0.00012722137194322262,
    0.00012722137194322262,
    0.00012722137194322262
  ]
}