{
  "train_loss": [
    1.1379460497356597,
    1.1196357924143474,
    1.1145664636521113
  ],
  "train_accuracy": [
    0.3607619047619048,
    0.38171428571428573,
    0.39180952380952383
  ],
  "val_loss": [
    1.098549594561259,
    1.0929707813262939,
    1.0907893775304158
  ],
  "val_accuracy": [
    0.4013333333333333,
    0.4013333333333333,
    0.4013333333333333
  ],
  "val_f1": [
    0.25364395320853955,
    0.25364395320853955,
    0.25364395320853955
  ],
  "lr": [
    2.4106636149698232e-05,
    2.4106636149698232e-05,
    2.4106636149698232e-05
  ]
}