{
  "train_loss": [
    1.1024489072163899,
    1.0981508879434494,
    1.0921982122602918
  ],
  "train_accuracy": [
    0.3758095238095238,
    0.388,
    0.39676190476190476
  ],
  "val_loss": [
    1.0886764411926269,
    1.088302272160848,
    1.0882973610560098
  ],
  "val_accuracy": [
    0.39866666666666667,
    0.39466666666666667,
    0.39066666666666666
  ],
  "val_f1": [
    0.2652326800253522,
    0.2514597667187258,
    0.1872802812400128
  ],
  "lr": [
    0.00029914550301028556,
    0.00029914550301028556,
    0.00029914550301028556
  ]
}