{
  "train_loss": [
    1.1283133406412034,
    1.1233788411276682,
    1.1209028315317062,
    1.115767574537368
  ],
  "train_accuracy": [
    0.304,
    0.332,
    0.34285714285714286,
    0.3584761904761905
  ],
  "val_loss": [
    1.1032907711664837,
    1.098354647954305,
    1.0960702015558879,
    1.094400323867798
  ],
  "val_accuracy": [
    0.284,
    0.4013333333333333,
    0.4013333333333333,
    0.4013333333333333
  ],
  "val_f1": [
    0.20454194275534224,
    0.25364395320853955,
    0.25364395320853955,
    0.25364395320853955
  ],
  "lr": [
    3.660901126782739e-05,
    3.660901126782739e-05,
    3.660901126782739e-05,
    3.660901126782739e-05
  ]
}