{
  "train_loss": [
    1.1081448185330345,
    1.1006968754359654,
    1.0945510452815466,
    1.0922691673097156,
    1.0929691335587275
  ],
  "train_accuracy": [
    0.3356190476190476,
    0.3438095238095238,
    0.3838095238095238,
    0.3904761904761905,
    0.3883809523809524
  ],
  "val_loss": [
    1.0962005341847738,
    1.0918649702072143,
    1.0888592869440714,
    1.0876866213480632,
    1.0873422485987345
  ],
  "val_accuracy": [
    0.324,
    0.39466666666666667,
    0.39466666666666667,
    0.4026666666666667,
    0.4026666666666667
  ],
  "val_f1": [
    0.22199883708324708,
    0.2514597667187258,
    0.2514597667187258,
    0.26344999697739957,
    0.26344999697739957
  ],
  "lr": [
    0.00021149555445755,
    0.00021149555445755,
    0.00021149555445755,
    0.00021149555445755,
    0.00021149555445755
  ]
}