{
  "train_loss": [
    1.0989006952104114,
    1.090482823962257,
    1.0900484017871674,
    1.0890554974646796
  ],
  "train_accuracy": [
    0.36914285714285716,
    0.3933333333333333,
    0.3904761904761905,
    0.39371428571428574
  ],
  "val_loss": [
    1.0897941087086995,
    1.087724074045817,
    1.0871710945765178,
    1.0871233288447062
  ],
  "val_accuracy": [
    0.4013333333333333,
    0.4026666666666667,
    0.4013333333333333,
    0.4013333333333333
  ],
  "val_f1": [
    0.25364395320853955,
    0.26344999697739957,
    0.25384294770107435,
    0.24030328407426912
  ],
  "lr": [
    0.00026590400680061456,
    0.00026590400680061456,
    0.00026590400680061456,
    0.00026590400680061456
  ]
}