{
  "train_loss": [
    1.1065856226966495,
    1.107092677116394,
    1.1051574800128028
  ],
  "train_accuracy": [
    0.35733333333333334,
    0.3780952380952381,
    0.38152380952380954
  ],
  "val_loss": [
    1.0948605572382608,
    1.0935185845692952,
    1.0923370265960692
  ],
  "val_accuracy": [
    0.4013333333333333,
    0.4013333333333333,
    0.39866666666666667
  ],
  "val_f1": [
    0.25364395320853955,
    0.25364395320853955,
    0.23029902007121028
  ],
  "lr": [
    2.458404592256337e-05,
    2.458404592256337e-05,
    2.458404592256337e-05
  ]
}