{
  "train_loss": [
    1.1111407443001158,
    1.1052903630847022,
    1.1063410952885946,
    1.0994450310298374,
    1.0951190874463035
  ],
  "train_accuracy": [
    0.37676190476190474,
    0.3980952380952381,
    0.3921904761904762,
    0.3977142857142857,
    0.3975238095238095
  ],
  "val_loss": [
    1.0878994830449422,
    1.0884148743947346,
    1.0886807279586792,
    1.086918802579244,
    1.0886736783981323
  ],
  "val_accuracy": [
    0.39866666666666667,
    0.4013333333333333,
    0.392,
    0.4,
    0.39066666666666666
  ],
  "val_f1": [
    0.22862621657802382,
    0.25364395320853955,
    0.18773946360153257,
    0.267035793337672,
    0.1872802812400128
  ],
  "lr": [
    0.0003818580418675368,
    0.0003818580418675368,
    0.0003818580418675368,
    0.0003818580418675368,
    0.0003818580418675368
  ]
}