{
  "train_loss": [
    1.121205684480213,
    1.1038383517038255,
    1.1027579991022747,
    1.0993250684284028,
    1.0987326113837106
  ],
  "train_accuracy": [
    0.3495238095238095,
    0.388,
    0.3904761904761905,
    0.39066666666666666,
    0.39085714285714285
  ],
  "val_loss": [
    1.0970311504999797,
    1.0905715799331666,
    1.0883130814234416,
    1.087536649386088,
    1.0870673659642538
  ],
  "val_accuracy": [
    0.392,
    0.39066666666666666,
    0.4026666666666667,
    0.4013333333333333,
    0.4026666666666667
  ],
  "val_f1": [
    0.18773946360153257,
    0.20767973856209151,
    0.25042168471477244,
    0.258765251232225,
    0.2572177298592393
  ],
  "lr": [
    0.00016769881836834933,
    0.00016769881836834933,
    0.00016769881836834933,
    0.00016769881836834933,
    0.00016769881836834933
  ]
}