{
  "train_loss": [
    1.1538254236493792,
    1.1443323928742182,
    1.1382561155046735
  ],
  "train_accuracy": [
    0.3272380952380952,
    0.3352380952380952,
    0.3262857142857143
  ],
  "val_loss": [
    1.1317611684799194,
    1.1232146196365356,
    1.116282608350118
  ],
  "val_accuracy": [
    0.32133333333333336,
    0.32133333333333336,
    0.32133333333333336
  ],
  "val_f1": [
    0.20399687958883994,
    0.20399687958883994,
    0.20399687958883994
  ],
  "lr": [
    1.2181691174164859e-05,
    1.2181691174164859e-05,
    1.2181691174164859e-05
  ]
}