{
  "train_loss": [
    1.110206655320667,
    1.0944848159608387,
    1.0936018041883195,
    1.0914250050499326
  ],
  "train_accuracy": [
    0.34114285714285714,
    0.3912380952380952,
    0.3931428571428571,
    0.39580952380952383
  ],
  "val_loss": [
    1.0896367975870769,
    1.0865816659927368,
    1.0871020733515422,
    1.086939325650533
  ],
  "val_accuracy": [
    0.39466666666666667,
    0.4026666666666667,
    0.39466666666666667,
    0.39466666666666667
  ],
  "val_f1": [
    0.2514597667187258,
    0.26344999697739957,
    0.2514597667187258,
    0.2514597667187258
  ],
  "lr": [
    0.0001617910458653897,
    0.0001617910458653897,
    0.0001617910458653897,
    0.0001617910458653897
  ]
}