{
  "train_loss": [
    1.1092001718793596,
    1.0950809064138503,
    1.100839830761864,
    1.098115925561814,
    1.0955114573069982
  ],
  "train_accuracy": [
    0.39276190476190476,
    0.39676190476190476,
    0.3921904761904762,
    0.3939047619047619,
    0.396
  ],
  "val_loss": [
    1.0910093959172567,
    1.0898038555781047,
    1.089776629447937,
    1.0887072213490805,
    1.0883059260050456
  ],
  "val_accuracy": [
    0.4026666666666667,
    0.39466666666666667,
    0.4026666666666667,
    0.39466666666666667,
    0.4013333333333333
  ],
  "val_f1": [
    0.2570327403645512,
    0.2514597667187258,
    0.26344999697739957,
    0.2514597667187258,
    0.25364395320853955
  ],
  "lr": [
    5.0716117979001426e-05,
    5.0716117979001426e-05,
    5.0716117979001426e-05,
    5.0716117979001426e-05,
    5.0716117979001426e-05
  ]
}