{
  "train_loss": [
    1.0945557800928751,
    1.0905620373317173,
    1.089263137999035
  ],
  "train_accuracy": [
    0.3893333333333333,
    0.3975238095238095,
    0.3939047619047619
  ],
  "val_loss": [
    1.0875187921524048,
    1.0872908611297607,
    1.0868381636937459
  ],
  "val_accuracy": [
    0.4013333333333333,
    0.392,
    0.4013333333333333
  ],
  "val_f1": [
    0.25364395320853955,
    0.20195654177510738,
    0.25364395320853955
  ],
  "lr": [
    0.00031953083029622836,
    0.00031953083029622836,
    0.00031953083029622836
  ]
}