{
  "train_loss": [
    1.1037934732437134,
    1.1008614069620768,
    1.0975072418394543,
    1.0953043903169177
  ],
  "train_accuracy": [
    0.31333333333333335,
    0.34,
    0.36019047619047617,
    0.3801904761904762
  ],
  "val_loss": [
    1.0991343959172566,
    1.0964137627283732,
    1.094730087598165,
    1.0931288420359293
  ],
  "val_accuracy": [
    0.2786666666666667,
    0.39466666666666667,
    0.39466666666666667,
    0.39466666666666667
  ],
  "val_f1": [
    0.14715713535117392,
    0.2514597667187258,
    0.2514597667187258,
    0.2514597667187258
  ],
  "lr": [
    5.3881362067288316e-05,
    5.3881362067288316e-05,
    5.3881362067288316e-05,
    5.3881362067288316e-05
  ]
}