{
  "train_loss": [
    1.1575383156367711,
    1.13938386008853,
    1.1253948053632463
  ],
  "train_accuracy": [
    0.34704761904761905,
    0.35619047619047617,
    0.38171428571428573
  ],
  "val_loss": [
    1.1291828575134277,
    1.1096120891571044,
    1.1005757239659628
  ],
  "val_accuracy": [
    0.392,
    0.392,
    0.392
  ],
  "val_f1": [
    0.18773946360153257,
    0.18773946360153257,
    0.18773946360153257
  ],
  "lr": [
    6.624213460912615e-05,
    6.624213460912615e-05,
    6.624213460912615e-05
  ]
}