{
  "train_loss": [
    1.1214081039428712,
    1.115956262588501,
    1.1100523991357714,
    1.1060112661634172,
    1.1044811176572527
  ],
  "train_accuracy": [
    0.32971428571428574,
    0.3243809523809524,
    0.33104761904761904,
    0.33161904761904765,
    0.3415238095238095
  ],
  "val_loss": [
    1.1019776871999105,
    1.0985778322219848,
    1.096757213274638,
    1.0949765199025472,
    1.0937911704381307
  ],
  "val_accuracy": [
    0.32133333333333336,
    0.32133333333333336,
    0.324,
    0.324,
    0.324
  ],
  "val_f1": [
    0.20399687958883994,
    0.20399687958883994,
    0.22199883708324708,
    0.22199883708324708,
    0.22199883708324708
  ],
  "lr": [
    2.9191405324219164e-05,
    2.9191405324219164e-05,
    2.9191405324219164e-05,
    2.9191405324219164e-05,
    2.9191405324219164e-05
  ]
}