{
  "train_loss": [
    1.1348429575420562,
    1.1223257805960518,
    1.1227218871343703,
    1.112451318922497,
    1.111267707143511
  ],
  "train_accuracy": [
    0.36628571428571427,
    0.3782857142857143,
    0.37276190476190474,
    0.3740952380952381,
    0.38571428571428573
  ],
  "val_loss": [
    1.1105443042119345,
    1.1022359164555868,
    1.0971641848882039,
    1.0942841103871663,
    1.0925013338724772
  ],
  "val_accuracy": [
    0.392,
    0.39066666666666666,
    0.3933333333333333,
    0.3933333333333333,
    0.4013333333333333
  ],
  "val_f1": [
    0.18773946360153257,
    0.20767973856209151,
    0.2225911918744683,
    0.2225911918744683,
    0.25364395320853955
  ],
  "lr": [
    3.149621765212672e-05,
    3.149621765212672e-05,
    3.149621765212672e-05,
    3.149621765212672e-05,
    3.149621765212672e-05
  ]
}