{
  "train_loss": [
    1.2075555649711973,
    1.2009990302040463,
    1.1874545218149821
  ],
  "train_accuracy": [
    0.2756190476190476,
    0.2733333333333333,
    0.27695238095238095
  ],
  "val_loss": [
    1.185606243133545,
    1.177159269650777,
    1.16968204053243
  ],
  "val_accuracy": [
    0.284,
    0.284,
    0.284
  ],
  "val_f1": [
    0.20454194275534224,
    0.20454194275534224,
    0.20454194275534224
  ],
  "lr": [
    1.542152149208384e-05,
    1.542152149208384e-05,
    1.542152149208384e-05
  ]
}