{
  "train_loss": [
    1.11187772891635,
    1.1073093183608282,
    1.1026024569102697,
    1.0998496879850115
  ],
  "train_accuracy": [
    0.368,
    0.3841904761904762,
    0.37885714285714284,
    0.3921904761904762
  ],
  "val_loss": [
    1.0899176813761393,
    1.0882848698298135,
    1.0876087706883748,
    1.0872637564341228
  ],
  "val_accuracy": [
    0.3893333333333333,
    0.4026666666666667,
    0.4026666666666667,
    0.4026666666666667
  ],
  "val_f1": [
    0.22141778358712025,
    0.26344999697739957,
    0.26344999697739957,
    0.26344999697739957
  ],
  "lr": [
    0.00018396722569218632,
    0.00018396722569218632,
    0.00018396722569218632,
    0.00018396722569218632
  ]
}