{
  "train_loss": [
    1.1023871745609102,
    1.09243583379473,
    1.0899494867324828
  ],
  "train_accuracy": [
    0.38095238095238093,
    0.3942857142857143,
    0.3954285714285714
  ],
  "val_loss": [
    1.0868717358907063,
    1.0874053115844726,
    1.0869049542744955
  ],
  "val_accuracy": [
    0.4013333333333333,
    0.392,
    0.396
  ],
  "val_f1": [
    0.25364395320853955,
    0.18773946360153257,
    0.23172107580885834
  ],
  "lr": [
    0.0002678138579921932,
    0.0002678138579921932,
    0.0002678138579921932
  ]
}