{
  "train_loss": [
    1.1153104647681826,
    1.1073422469184513,
    1.103453837122236
  ],
  "train_accuracy": [
    0.3931428571428571,
    0.3944761904761905,
    0.3954285714285714
  ],
  "val_loss": [
    1.0881561870574952,
    1.0873280016581217,
    1.0910505876541137
  ],
  "val_accuracy": [
    0.4013333333333333,
    0.39066666666666666,
    0.396
  ],
  "val_f1": [
    0.25364395320853955,
    0.20153660439191692,
    0.23172107580885834
  ],
  "lr": [
    0.00034565319668186667,
    0.00034565319668186667,
    0.00034565319668186667
  ]
}