{
  "train_loss": [
    1.0919645812170846,
    1.0920151655106318,
    1.0904941118331182,
    1.0905947952270507,
    1.0901325630914598
  ],
  "train_accuracy": [
    0.39466666666666667,
    0.3942857142857143,
    0.3980952380952381,
    0.3942857142857143,
    0.3933333333333333
  ],
  "val_loss": [
    1.0896369298299153,
    1.089020515124003,
    1.0887390797932943,
    1.0885070206324259,
    1.0883565883636475
  ],
  "val_accuracy": [
    0.392,
    0.392,
    0.3893333333333333,
    0.3893333333333333,
    0.3893333333333333
  ],
  "val_f1": [
    0.18773946360153257,
    0.18773946360153257,
    0.1945364207647227,
    0.1967283382663223,
    0.1967283382663223
  ],
  "lr": [
    1.811954232575049e-05,
    1.811954232575049e-05,
    1.811954232575049e-05,
    1.811954232575049e-05,
    1.811954232575049e-05
  ]
}