{
  "train_loss": [
    1.1756646053677513,
    1.1199628214609054,
    1.110353270031157,
    1.1050215549468994,
    1.1016582478114536
  ],
  "train_accuracy": [
    0.30514285714285716,
    0.3739047619047619,
    0.39085714285714285,
    0.3965714285714286,
    0.39295238095238094
  ],
  "val_loss": [
    1.1066222343444825,
    1.0917872031529745,
    1.0892380596796671,
    1.08805065091451,
    1.0875125042597453
  ],
  "val_accuracy": [
    0.39866666666666667,
    0.39866666666666667,
    0.4013333333333333,
    0.4026666666666667,
    0.4013333333333333
  ],
  "val_f1": [
    0.23029902007121028,
    0.23029902007121028,
    0.25364395320853955,
    0.24189927882632348,
    0.25364395320853955
  ],
  "lr": [
    0.0004704725031914349,
    0.0004704725031914349,
    0.0004704725031914349,
    0.0004704725031914349,
    0.0004704725031914349
  ]
}