{
  "train_loss": [
    1.1401092871257237,
    1.1066503331774757,
    1.100480760619754
  ],
  "train_accuracy": [
    0.3940952380952381,
    0.3965714285714286,
    0.3939047619047619
  ],
  "val_loss": [
    1.1005443693796793,
    1.0893680337270102,
    1.0880312000910441
  ],
  "val_accuracy": [
    0.39466666666666667,
    0.396,
    0.39466666666666667
  ],
  "val_f1": [
    0.2514597667187258,
    0.23172107580885834,
    0.2514597667187258
  ],
  "lr": [
    5.612677903422547e-05,
    5.612677903422547e-05,
    5.612677903422547e-05
  ]
}