{
  "train_loss": [
    1.1118608635493687,
    1.0956647127242316,
    1.0926743066424416,
    1.0897080064501081
  ],
  "train_accuracy": [
    0.3081904761904762,
    0.36342857142857143,
    0.383047619047619,
    0.3914285714285714
  ],
  "val_loss": [
    1.097727375348409,
    1.090064273516337,
    1.087465723991394,
    1.0873213116327922
  ],
  "val_accuracy": [
    0.33066666666666666,
    0.396,
    0.3933333333333333,
    0.39466666666666667
  ],
  "val_f1": [
    0.16566466265865062,
    0.2540291815795423,
    0.2532593286813403,
    0.25167820765305043
  ],
  "lr": [
    0.00012861229033876375,
    0.00012861229033876375,
    0.00012861229033876375,
    0.00012861229033876375
  ]
}