{
  "train_loss": [
    1.1422278030032202,
    1.1361900466737294,
    1.1279249450138638
  ],
  "train_accuracy": [
    0.392,
    0.3883809523809524,
    0.3893333333333333
  ],
  "val_loss": [
    1.1254091358184815,
    1.1166705064773559,
    1.1096556685765584
  ],
  "val_accuracy": [
    0.396,
    0.39066666666666666,
    0.396
  ],
  "val_f1": [
    0.23172107580885834,
    0.20153660439191692,
    0.23172107580885834
  ],
  "lr": [
    2.7026691938853188e-05,
    2.7026691938853188e-05,
    2.7026691938853188e-05
  ]
}