{
  "train_loss": [
    1.1242664383933658,
    1.117937766483852,
    1.1080869834536597
  ],
  "train_accuracy": [
    0.33066666666666666,
    0.32171428571428573,
    0.3281904761904762
  ],
  "val_loss": [
    1.1103656889597575,
    1.10351389280955,
    1.0991543471018472
  ],
  "val_accuracy": [
    0.33066666666666666,
    0.33066666666666666,
    0.33066666666666666
  ],
  "val_f1": [
    0.16566466265865062,
    0.16566466265865062,
    0.16566466265865062
  ],
  "lr": [
    8.900567757357244e-05,
    8.900567757357244e-05,
    8.900567757357244e-05
  ]
}