{
  "train_loss": [
    1.091992564882551,
    1.090946283976237,
    1.089343846366519,
    1.0881814376740229
  ],
  "train_accuracy": [
    0.39295238095238094,
    0.3900952380952381,
    0.3956190476190476,
    0.3984761904761905
  ],
  "val_loss": [
    1.088484738667806,
    1.0880239744186402,
    1.0876852429707846,
    1.087346084912618
  ],
  "val_accuracy": [
    0.3893333333333333,
    0.39866666666666667,
    0.39866666666666667,
    0.39866666666666667
  ],
  "val_f1": [
    0.19676703833114492,
    0.23029902007121028,
    0.23029902007121028,
    0.23029902007121028
  ],
  "lr": [
    4.422981208603761e-05,
    4.422981208603761e-05,
    4.422981208603761e-05,
    4.422981208603761e-05
  ]
}