{
  "train_loss": [
    1.204784384682065,
    1.1928798935072762,
    1.1800372232709613
  ],
  "train_accuracy": [
    0.3304761904761905,
    0.33085714285714285,
    0.33085714285714285
  ],
  "val_loss": [
    1.1823044261932374,
    1.167688190460205,
    1.1558019819259644
  ],
  "val_accuracy": [
    0.33066666666666666,
    0.33066666666666666,
    0.33066666666666666
  ],
  "val_f1": [
    0.16566466265865062,
    0.16566466265865062,
    0.16566466265865062
  ],
  "lr": [
    2.174741476761488e-05,
    2.174741476761488e-05,
    2.174741476761488e-05
  ]
}