{
  "train_loss": [
    1.1316105870746431,
    1.1264185491289411,
    1.1164910201118106,
    1.1203828063692365,
    1.1123280310403734
  ],
  "train_accuracy": [
    0.3028571428571429,
    0.32457142857142857,
    0.3354285714285714,
    0.3462857142857143,
    0.37123809523809526
  ],
  "val_loss": [
    1.114283497174581,
    1.1088661397298176,
    1.1051768102645874,
    1.1022089262008667,
    1.1003968426386515
  ],
  "val_accuracy": [
    0.284,
    0.284,
    0.4013333333333333,
    0.4013333333333333,
    0.4013333333333333
  ],
  "val_f1": [
    0.20454194275534224,
    0.20454194275534224,
    0.25364395320853955,
    0.25364395320853955,
    0.25364395320853955
  ],
  "lr": [
    1.112090860880364e-05,
    1.112090860880364e-05,
    1.112090860880364e-05,
    1.112090860880364e-05,
    1.112090860880364e-05
  ]
}