{
  "train_loss": [
    1.1544914016723633,
    1.1488102832067582,
    1.1419506906781878
  ],
  "train_accuracy": [
    0.2737142857142857,
    0.2740952380952381,
    0.2765714285714286
  ],
  "val_loss": [
    1.130319063504537,
    1.1222611316045126,
    1.1164251896540325
  ],
  "val_accuracy": [
    0.27466666666666667,
    0.27466666666666667,
    0.27466666666666667
  ],
  "val_f1": [
    0.18435579877112138,
    0.18435579877112138,
    0.18435579877112138
  ],
  "lr": [
    3.506973262935934e-05,
    3.506973262935934e-05,
    3.506973262935934e-05
  ]
}