{
  "train_loss": [
    1.1132172788892474,
    1.1024417748224167,
    1.1038241123017811,
    1.1015117850530716
  ],
  "train_accuracy": [
    0.36228571428571427,
    0.39295238095238094,
    0.39276190476190476,
    0.3899047619047619
  ],
  "val_loss": [
    1.0917910836537679,
    1.0885703811645508,
    1.0873728008270265,
    1.0871573559443155
  ],
  "val_accuracy": [
    0.392,
    0.39466666666666667,
    0.39466666666666667,
    0.39866666666666667
  ],
  "val_f1": [
    0.18773946360153257,
    0.2514597667187258,
    0.2514597667187258,
    0.23029902007121028
  ],
  "lr": [
    0.0003560525696371272,
    0.0003560525696371272,
    0.0003560525696371272,
    0.0003560525696371272
  ]
}