{
  "train_loss": [
    1.144815541221982,
    1.1234556037812007,
    1.113062941187904
  ],
  "train_accuracy": [
    0.3314285714285714,
    0.3283809523809524,
    0.3299047619047619
  ],
  "val_loss": [
    1.1266878232955932,
    1.1111978225708008,
    1.1022980318069457
  ],
  "val_accuracy": [
    0.33066666666666666,
    0.33066666666666666,
    0.33066666666666666
  ],
  "val_f1": [
    0.16566466265865062,
    0.16566466265865062,
    0.16566466265865062
  ],
  "lr": [
    7.449055626342337e-05,
    7.449055626342337e-05,
    7.449055626342337e-05
  ]
}