{
  "train_loss": [
    1.1472758293151855,
    1.1167860892159598,
    1.1132697172619048,
    1.1061531982421875,
    1.106539736929394
  ],
  "train_accuracy": [
    0.31733333333333336,
    0.36019047619047617,
    0.3761904761904762,
    0.388,
    0.39104761904761903
  ],
  "val_loss": [
    1.1008291854858399,
    1.0937030652364095,
    1.0903366340001424,
    1.088821827252706,
    1.088048230489095
  ],
  "val_accuracy": [
    0.324,
    0.39466666666666667,
    0.4013333333333333,
    0.39866666666666667,
    0.4026666666666667
  ],
  "val_f1": [
    0.22199883708324708,
    0.2514597667187258,
    0.25364395320853955,
    0.2652326800253522,
    0.26344999697739957
  ],
  "lr": [
    7.576556982209176e-05,
    7.576556982209176e-05,
    7.576556982209176e-05,
    7.576556982209176e-05,
    7.576556982209176e-05
  ]
}