{
  "train_loss": [
    1.0909844531104678,
    1.087914054507301,
    1.0890154208682832,
    1.0897525268282209,
    1.0882805898757208
  ],
  "train_accuracy": [
    0.39066666666666666,
    0.3977142857142857,
    0.39504761904761904,
    0.39104761904761903,
    0.39295238095238094
  ],
  "val_loss": [
    1.0870990308125814,
    1.0869622522989908,
    1.0873176294962565,
    1.0869797598520914,
    1.0869733057022095
  ],
  "val_accuracy": [
    0.4013333333333333,
    0.4026666666666667,
    0.39466666666666667,
    0.39866666666666667,
    0.4
  ],
  "val_f1": [
    0.25364395320853955,
    0.26344999697739957,
    0.2514597667187258,
    0.2652326800253522,
    0.24789988629338042
  ],
  "lr": [
    0.00040794031317651367,
    0.00040794031317651367,
    0.00040794031317651367,
    0.00040794031317651367,
    0.00040794031317651367
  ]
}