{
  "train_loss": [
    1.1355487418401808,
    1.1172878450666155,
    1.118458765574864,
    1.112044390088036,
    1.1118227803820655
  ],
  "train_accuracy": [
    0.3567619047619048,
    0.3740952380952381,
    0.37847619047619047,
    0.39104761904761903,
    0.3900952380952381
  ],
  "val_loss": [
    1.097630698521932,
    1.0909583250681558,
    1.0889680967330932,
    1.0881393582026164,
    1.0876601934432983
  ],
  "val_accuracy": [
    0.392,
    0.39466666666666667,
    0.39466666666666667,
    0.4013333333333333,
    0.4026666666666667
  ],
  "val_f1": [
    0.18773946360153257,
    0.2514597667187258,
    0.2308546549131589,
    0.25364395320853955,
    0.24189927882632348
  ],
  "lr": [
    4.576524942711081e-05,
    4.576524942711081e-05,
    4.576524942711081e-05,
    4.576524942711081e-05,
    4.576524942711081e-05
  ]
}