{
  "train_loss": [
    1.1168140596662248,
    1.101729061126709,
    1.0943006509599231,
    1.098106657663981
  ],
  "train_accuracy": [
    0.37485714285714283,
    0.3923809523809524,
    0.396,
    0.3921904761904762
  ],
  "val_loss": [
    1.0894562463760376,
    1.089332403500875,
    1.0877309198379517,
    1.0868341671625774
  ],
  "val_accuracy": [
    0.39466666666666667,
    0.4013333333333333,
    0.4013333333333333,
    0.4013333333333333
  ],
  "val_f1": [
    0.2514597667187258,
    0.25364395320853955,
    0.25364395320853955,
    0.25364395320853955
  ],
  "lr": [
    0.0002750447808931226,
    0.0002750447808931226,
    0.0002750447808931226,
    0.0002750447808931226
  ]
}