{
  "train_loss": [
    1.1277600734574453,
    1.1047097561245873,
    1.1026180547759648,
    1.0994213710058303,
    1.0960352485293434
  ],
  "train_accuracy": [
    0.3902857142857143,
    0.39714285714285713,
    0.39085714285714285,
    0.39161904761904764,
    0.39295238095238094
  ],
  "val_loss": [
    1.0873017276128134,
    1.0895052165985109,
    1.0869275709788004,
    1.0888360102971395,
    1.0871486078898112
  ],
  "val_accuracy": [
    0.4013333333333333,
    0.4013333333333333,
    0.4013333333333333,
    0.4013333333333333,
    0.4013333333333333
  ],
  "val_f1": [
    0.25364395320853955,
    0.25364395320853955,
    0.258765251232225,
    0.24721488314699547,
    0.25364395320853955
  ],
  "lr": [
    0.0002261598908565848,
    0.0002261598908565848,
    0.0002261598908565848,
    0.0002261598908565848,
    0.0002261598908565848
  ]
}