{
  "train_loss": [
    1.1566280642009916,
    1.1080868773687453,
    1.104330785160973,
    1.1015557032312666,
    1.099651086852664
  ],
  "train_accuracy": [
    0.39104761904761903,
    0.392,
    0.3965714285714286,
    0.392,
    0.3931428571428571
  ],
  "val_loss": [
    1.0897771434783936,
    1.0875297606786092,
    1.08714439868927,
    1.0872075573603313,
    1.0868252353668213
  ],
  "val_accuracy": [
    0.39466666666666667,
    0.396,
    0.4026666666666667,
    0.39466666666666667,
    0.39866666666666667
  ],
  "val_f1": [
    0.2514597667187258,
    0.23172107580885834,
    0.26344999697739957,
    0.2514597667187258,
    0.2652326800253522
  ],
  "lr": [
    0.0004230344815521029,
    0.0004230344815521029,
    0.0004230344815521029,
    0.0004230344815521029,
    0.0004230344815521029
  ]
}