{
  "train_loss": [
    1.115253125236148,
    1.1032555612382435,
    1.1016980075836182,
    1.098912178993225,
    1.0972448568798248
  ],
  "train_accuracy": [
    0.35904761904761906,
    0.3952380952380952,
    0.3940952380952381,
    0.38857142857142857,
    0.396
  ],
  "val_loss": [
    1.0887883818944295,
    1.0869168411890666,
    1.0862556784947712,
    1.086491751988729,
    1.0864450537363688
  ],
  "val_accuracy": [
    0.4013333333333333,
    0.39466666666666667,
    0.39866666666666667,
    0.404,
    0.4013333333333333
  ],
  "val_f1": [
    0.25364395320853955,
    0.2514597667187258,
    0.2652326800253522,
    0.24974200206398348,
    0.25384294770107435
  ],
  "lr": [
    0.0004385754040749842,
    0.0004385754040749842,
    0.0004385754040749842,
    0.0004385754040749842,
    0.0004385754040749842
  ]
}