{
  "accuracy": 0.392,
  "f1_macro": 0.24485424680143475,
  "f1_weighted": 0.277115769595124,
  "classification_report": {
    "positive": {
      "precision": 0.33879781420765026,
      "recall": 0.125,
      "f1-score": 0.18262150220913106,
      "support": 496.0
    },
    "negative": {
      "precision": 0.0,
      "recall": 0.0,
      "f1-score": 0.0,
      "support": 415.0
    },
    "neutral": {
      "precision": 0.39939255884586183,
      "recall": 0.8930390492359932,
      "f1-score": 0.5519412381951732,
      "support": 589.0
    },
    "accuracy": 0.392,
    "macro avg": {
      "precision": 0.24606345768450402,
      "recall": 0.33934634974533107,
      "f1-score": 0.24485424680143475,
      "support": 1500.0
    },
    "weighted avg": {
      "precision": 0.26885728867147146,
      "recall": 0.392,
      "f1-score": 0.277115769595124,
      "support": 1500.0
    }
  },
  "confusion_matrix": [
    [
      62,
      0,
      434
    ],
    [
      58,
      0,
      357
    ],
    [
      63,
      0,
      526
    ]
  ],
  "model_type": "hybrid",
  "test_samples": 1500
}