{
  "train_loss": [
    1.1277314182009015,
    1.1163560865493047,
    1.11982547778175,
    1.1100018818491981,
    1.1140424378712972
  ],
  "train_accuracy": [
    0.35333333333333333,
    0.3819047619047619,
    0.38742857142857146,
    0.38971428571428574,
    0.3902857142857143
  ],
  "val_loss": [
    1.0920395040512085,
    1.0885843846003214,
    1.0872211469014486,
    1.087120304107666,
    1.08663862768809
  ],
  "val_accuracy": [
    0.39466666666666667,
    0.392,
    0.4013333333333333,
    0.4,
    0.4013333333333333
  ],
  "val_f1": [
    0.2514597667187258,
    0.18773946360153257,
    0.25384294770107435,
    0.267035793337672,
    0.258765251232225
  ],
  "lr": [
    9.28857461360772e-05,
    9.28857461360772e-05,
    9.28857461360772e-05,
    9.28857461360772e-05,
    9.28857461360772e-05
  ]
}