{
  "train_loss": [
    1.1213957711628506,
    1.1081154119400751,
    1.1015093574523926,
    1.103834090051197,
    1.0961453249340967
  ],
  "train_accuracy": [
    0.384,
    0.39580952380952383,
    0.3965714285714286,
    0.3923809523809524,
    0.3954285714285714
  ],
  "val_loss": [
    1.0876762326558431,
    1.0919328009287517,
    1.0938597180048624,
    1.0876051549911498,
    1.0882969376246134
  ],
  "val_accuracy": [
    0.396,
    0.39466666666666667,
    0.39466666666666667,
    0.4013333333333333,
    0.39466666666666667
  ],
  "val_f1": [
    0.23172107580885834,
    0.2514597667187258,
    0.2514597667187258,
    0.258765251232225,
    0.2514597667187258
  ],
  "lr": [
    0.0004168252127998412,
    0.0004168252127998412,
    0.0004168252127998412,
    0.0004168252127998412,
    0.0004168252127998412
  ]
}