{
  "train_loss": [
    1.1173186174574352,
    1.1082620062146868,
    1.105621034349714
  ],
  "train_accuracy": [
    0.3457142857142857,
    0.36552380952380953,
    0.38095238095238093
  ],
  "val_loss": [
    1.1062029603322348,
    1.1005836060841878,
    1.0968004013697306
  ],
  "val_accuracy": [
    0.39466666666666667,
    0.39466666666666667,
    0.39466666666666667
  ],
  "val_f1": [
    0.2514597667187258,
    0.2514597667187258,
    0.2514597667187258
  ],
  "lr": [
    2.4490030798538935e-05,
    2.4490030798538935e-05,
    2.4490030798538935e-05
  ]
}