{
  "train_loss": [
    1.1151425435202462,
    1.1033816133226668,
    1.1036484602973575,
    1.1054433358056204,
    1.0980839537665958
  ],
  "train_accuracy": [
    0.3504761904761905,
    0.39180952380952383,
    0.3956190476190476,
    0.39504761904761904,
    0.3942857142857143
  ],
  "val_loss": [
    1.0936441583633423,
    1.089546971321106,
    1.0877807884216308,
    1.0875473203659058,
    1.0870216681162517
  ],
  "val_accuracy": [
    0.39466666666666667,
    0.392,
    0.4013333333333333,
    0.39466666666666667,
    0.3973333333333333
  ],
  "val_f1": [
    0.25167820765305043,
    0.2503859953505538,
    0.25364395320853955,
    0.25451993239399995,
    0.261346466581611
  ],
  "lr": [
    0.0001506178435744579,
    0.0001506178435744579,
    0.0001506178435744579,
    0.0001506178435744579,
    0.0001506178435744579
  ]
}