{
  "train_loss": [
    1.1032753838130407,
    1.1009455056871686,
    1.0984286501294092
  ],
  "train_accuracy": [
    0.33161904761904765,
    0.3291428571428571,
    0.32761904761904764
  ],
  "val_loss": [
    1.0992532660166423,
    1.0963551909128826,
    1.0942042846679687
  ],
  "val_accuracy": [
    0.3333333333333333,
    0.332,
    0.33066666666666666
  ],
  "val_f1": [
    0.1766784062787634,
    0.16809071281641533,
    0.16566466265865062
  ],
  "lr": [
    7.413923086382505e-05,
    7.413923086382505e-05,
    7.413923086382505e-05
  ]
}