{
  "train_loss": [
    1.1338521560487294,
    1.1265072033745902,
    1.11939556712196,
    1.1193219174884614,
    1.1219112300418672
  ],
  "train_accuracy": [
    0.39104761904761903,
    0.388,
    0.3942857142857143,
    0.3891428571428571,
    0.39161904761904764
  ],
  "val_loss": [
    1.1139280201594035,
    1.110732083638509,
    1.107876425743103,
    1.1052684129079182,
    1.1030568316777547
  ],
  "val_accuracy": [
    0.39066666666666666,
    0.39066666666666666,
    0.392,
    0.39066666666666666,
    0.39066666666666666
  ],
  "val_f1": [
    0.1872802812400128,
    0.1872802812400128,
    0.20195654177510738,
    0.20153660439191692,
    0.20153660439191692
  ],
  "lr": [
    1.4607159258931896e-05,
    1.4607159258931896e-05,
    1.4607159258931896e-05,
    1.4607159258931896e-05,
    1.4607159258931896e-05
  ]
}