{
  "train_loss": [
    1.2013062532969883,
    1.1678122067224412,
    1.1538175964809598
  ],
  "train_accuracy": [
    0.2935238095238095,
    0.2965714285714286,
    0.29314285714285715
  ],
  "val_loss": [
    1.1676043872833253,
    1.1408301362991333,
    1.124161995569865
  ],
  "val_accuracy": [
    0.2773333333333333,
    0.2773333333333333,
    0.2773333333333333
  ],
  "val_f1": [
    0.14474599860821155,
    0.14474599860821155,
    0.14474599860821155
  ],
  "lr": [
    1.5528444341316336e-05,
    1.5528444341316336e-05,
    1.5528444341316336e-05
  ]
}