{
  "train_loss": [
    1.1254088330950056,
    1.1128815442039852,
    1.1093775934945969
  ],
  "train_accuracy": [
    0.372,
    0.39180952380952383,
    0.3899047619047619
  ],
  "val_loss": [
    1.091967521985372,
    1.0886213312149047,
    1.0899336528778076
  ],
  "val_accuracy": [
    0.4013333333333333,
    0.4013333333333333,
    0.392
  ],
  "val_f1": [
    0.25364395320853955,
    0.25364395320853955,
    0.18773946360153257
  ],
  "lr": [
    0.00010234052867498434,
    0.00010234052867498434,
    0.00010234052867498434
  ]
}