{
  "train_loss": [
    1.120132175672622,
    1.1150390844799223,
    1.1106361328306653,
    1.108245441073463,
    1.108503389721825
  ],
  "train_accuracy": [
    0.3333333333333333,
    0.33161904761904765,
    0.3380952380952381,
    0.3676190476190476,
    0.3659047619047619
  ],
  "val_loss": [
    1.0987352771759034,
    1.0944439738591512,
    1.0916431582768757,
    1.0899730631510416,
    1.0886908547083536
  ],
  "val_accuracy": [
    0.33066666666666666,
    0.3293333333333333,
    0.32666666666666666,
    0.396,
    0.3973333333333333
  ],
  "val_f1": [
    0.16566466265865062,
    0.20567434210526314,
    0.20042110967791885,
    0.22771387988779293,
    0.2625135066122055
  ],
  "lr": [
    4.613691188916135e-05,
    4.613691188916135e-05,
    4.613691188916135e-05,
    4.613691188916135e-05,
    4.613691188916135e-05
  ]
}