{
  "train_loss": [
    1.148105634598505,
    1.1402393678029379,
    1.1366885465894427
  ],
  "train_accuracy": [
    0.30438095238095236,
    0.3068571428571429,
    0.32457142857142857
  ],
  "val_loss": [
    1.1403246021270752,
    1.134483117421468,
    1.1291258525848389
  ],
  "val_accuracy": [
    0.2773333333333333,
    0.2773333333333333,
    0.2773333333333333
  ],
  "val_f1": [
    0.14474599860821155,
    0.14474599860821155,
    0.14474599860821155
  ],
  "lr": [
    1.3921741037413838e-05,
    1.3921741037413838e-05,
    1.3921741037413838e-05
  ]
}