{
  "train_loss": [
    1.1174881640842982,
    1.1170807950156076,
    1.1132263651348295
  ],
  "train_accuracy": [
    0.3394285714285714,
    0.33790476190476193,
    0.35219047619047616
  ],
  "val_loss": [
    1.1001461922327678,
    1.0974216782251993,
    1.095758610725403
  ],
  "val_accuracy": [
    0.324,
    0.324,
    0.324
  ],
  "val_f1": [
    0.22199883708324708,
    0.22199883708324708,
    0.22199883708324708
  ],
  "lr": [
    2.545532535102479e-05,
    2.545532535102479e-05,
    2.545532535102479e-05
  ]
}