{
  "train_loss": [
    1.1762236290886288,
    1.1415994104203724,
    1.1239854937962124,
    1.114342604682559
  ],
  "train_accuracy": [
    0.2986666666666667,
    0.3518095238095238,
    0.3803809523809524,
    0.3819047619047619
  ],
  "val_loss": [
    1.1473853638966878,
    1.120309761683146,
    1.1046794191996256,
    1.0970513175328573
  ],
  "val_accuracy": [
    0.284,
    0.4013333333333333,
    0.4013333333333333,
    0.4013333333333333
  ],
  "val_f1": [
    0.20454194275534224,
    0.25364395320853955,
    0.25364395320853955,
    0.25364395320853955
  ],
  "lr": [
    7.516553203406233e-05,
    7.516553203406233e-05,
    7.516553203406233e-05,
    7.516553203406233e-05
  ]
}