{
  "train_loss": [
    1.0968056904020764,
    1.091663264047532,
    1.0888821357091267
  ],
  "train_accuracy": [
    0.3565714285714286,
    0.39104761904761903,
    0.3975238095238095
  ],
  "val_loss": [
    1.0894762973785401,
    1.0874045031865438,
    1.0867340981165567
  ],
  "val_accuracy": [
    0.4013333333333333,
    0.4013333333333333,
    0.4013333333333333
  ],
  "val_f1": [
    0.25364395320853955,
    0.25364395320853955,
    0.25364395320853955
  ],
  "lr": [
    0.00045735253501083995,
    0.00045735253501083995,
    0.00045735253501083995
  ]
}