{
  "train_loss": [
    1.13725804292588,
    1.1222796688533965,
    1.1135934375581287,
    1.108441606294541,
    1.1058661265600296
  ],
  "train_accuracy": [
    0.38152380952380954,
    0.3893333333333333,
    0.38952380952380955,
    0.38971428571428574,
    0.3893333333333333
  ],
  "val_loss": [
    1.1157596356074015,
    1.1018713970184326,
    1.094276177406311,
    1.0906225964228313,
    1.0888457263310751
  ],
  "val_accuracy": [
    0.39466666666666667,
    0.39466666666666667,
    0.4,
    0.39866666666666667,
    0.4013333333333333
  ],
  "val_f1": [
    0.2514597667187258,
    0.2514597667187258,
    0.267035793337672,
    0.2652326800253522,
    0.25364395320853955
  ],
  "lr": [
    1.401644484102747e-05,
    1.401644484102747e-05,
    1.401644484102747e-05,
    1.401644484102747e-05,
    1.401644484102747e-05
  ]
}