{
  "train_loss": [
    1.1610640104384649,
    1.1433317823864164,
    1.1331631059192475
  ],
  "train_accuracy": [
    0.3841904761904762,
    0.3832380952380952,
    0.37942857142857145
  ],
  "val_loss": [
    1.133559676170349,
    1.113889024734497,
    1.1019929018020629
  ],
  "val_accuracy": [
    0.392,
    0.392,
    0.392
  ],
  "val_f1": [
    0.18773946360153257,
    0.18773946360153257,
    0.18773946360153257
  ],
  "lr": [
    2.215794490331377e-05,
    2.215794490331377e-05,
    2.215794490331377e-05
  ]
}