{
  "train_loss": [
    1.1106038291113718,
    1.102022965839931,
    1.1040615867433095,
    1.1037796813874017,
    1.0987009524390812
  ],
  "train_accuracy": [
    0.3375238095238095,
    0.3718095238095238,
    0.37085714285714283,
    0.3819047619047619,
    0.37733333333333335
  ],
  "val_loss": [
    1.0928009522755942,
    1.0914827791849773,
    1.0905250364939372,
    1.090025451342265,
    1.089842959721883
  ],
  "val_accuracy": [
    0.39466666666666667,
    0.39466666666666667,
    0.4,
    0.39866666666666667,
    0.4
  ],
  "val_f1": [
    0.2514597667187258,
    0.2514597667187258,
    0.267035793337672,
    0.2652326800253522,
    0.267035793337672
  ],
  "lr": [
    2.10675235981766e-05,
    2.10675235981766e-05,
    2.10675235981766e-05,
    2.10675235981766e-05,
    2.10675235981766e-05
  ]
}