{
  "train_loss": [
    1.1776348695300873,
    1.1597946959904262,
    1.144907768431164
  ],
  "train_accuracy": [
    0.328,
    0.3299047619047619,
    0.3339047619047619
  ],
  "val_loss": [
    1.1341667261123658,
    1.1160986550649008,
    1.1062242043813069
  ],
  "val_accuracy": [
    0.33066666666666666,
    0.33066666666666666,
    0.33066666666666666
  ],
  "val_f1": [
    0.16566466265865062,
    0.16566466265865062,
    0.16566466265865062
  ],
  "lr": [
    4.5389262437172825e-05,
    4.5389262437172825e-05,
    4.5389262437172825e-05
  ]
}