{
  "train_loss": [
    1.1116857849756876,
    1.1075189909707932,
    1.1039658991949899
  ],
  "train_accuracy": [
    0.38361904761904764,
    0.38895238095238094,
    0.39104761904761903
  ],
  "val_loss": [
    1.0884936698277792,
    1.0870030603408813,
    1.088245795249939
  ],
  "val_accuracy": [
    0.39466666666666667,
    0.39866666666666667,
    0.39066666666666666
  ],
  "val_f1": [
    0.2514597667187258,
    0.23029902007121028,
    0.1961504563495584
  ],
  "lr": [
    0.00033941662520101134,
    0.00033941662520101134,
    0.00033941662520101134
  ]
}