{
  "train_loss": [
    1.1109785906473795,
    1.1032432706923712,
    1.0992609534944806,
    1.094936926887149,
    1.0929634271803357
  ],
  "train_accuracy": [
    0.3295238095238095,
    0.3321904761904762,
    0.3392380952380952,
    0.3659047619047619,
    0.38895238095238094
  ],
  "val_loss": [
    1.097665412902832,
    1.0935181566874186,
    1.0909964208602905,
    1.0892357562383015,
    1.088453705151876
  ],
  "val_accuracy": [
    0.332,
    0.332,
    0.39866666666666667,
    0.4026666666666667,
    0.39466666666666667
  ],
  "val_f1": [
    0.17408906882591094,
    0.18042750677815844,
    0.2652326800253522,
    0.26344999697739957,
    0.2514597667187258
  ],
  "lr": [
    9.729343336616518e-05,
    9.729343336616518e-05,
    9.729343336616518e-05,
    9.729343336616518e-05,
    9.729343336616518e-05
  ]
}