{
  "train_loss": [
    1.185653067452567,
    1.1519425501142229,
    1.1389387586684454
  ],
  "train_accuracy": [
    0.368952380952381,
    0.3904761904761905,
    0.3899047619047619
  ],
  "val_loss": [
    1.1514541699091594,
    1.1272378848393758,
    1.1113677450815838
  ],
  "val_accuracy": [
    0.39466666666666667,
    0.39466666666666667,
    0.39466666666666667
  ],
  "val_f1": [
    0.2514597667187258,
    0.2514597667187258,
    0.2514597667187258
  ],
  "lr": [
    5.305209728510428e-05,
    5.305209728510428e-05,
    5.305209728510428e-05
  ]
}