{
  "train_loss": [
    1.360793995312282,
    1.2988666409083776,
    1.2418670794169109
  ],
  "train_accuracy": [
    0.27714285714285714,
    0.27676190476190476,
    0.27714285714285714
  ],
  "val_loss": [
    1.3387518269220988,
    1.2648672892252604,
    1.2036623452504476
  ],
  "val_accuracy": [
    0.2773333333333333,
    0.2773333333333333,
    0.2773333333333333
  ],
  "val_f1": [
    0.14474599860821155,
    0.14474599860821155,
    0.14474599860821155
  ],
  "lr": [
    5.845749168784503e-05,
    5.845749168784503e-05,
    5.845749168784503e-05
  ]
}