{
  "train_loss": [
    1.1288727603185744,
    1.1292400370098297,
    1.1221746124994187,
    1.119752267428807
  ],
  "train_accuracy": [
    0.2815238095238095,
    0.27790476190476193,
    0.2876190476190476,
    0.3100952380952381
  ],
  "val_loss": [
    1.108203722635905,
    1.1046684341430664,
    1.1023477563858033,
    1.100092830657959
  ],
  "val_accuracy": [
    0.2733333333333333,
    0.2733333333333333,
    0.2733333333333333,
    0.272
  ],
  "val_f1": [
    0.1673667315507291,
    0.18273754376676976,
    0.1645261658056199,
    0.18090928289136274
  ],
  "lr": [
    0.00015260884726977847,
    0.00015260884726977847,
    0.00015260884726977847,
    0.00015260884726977847
  ]
}