{
  "train_loss": [
    1.122749984832037,
    1.0977117403575352,
    1.0935301382882254,
    1.0898577810014998,
    1.0908753374190558
  ],
  "train_accuracy": [
    0.2866666666666667,
    0.376,
    0.3923809523809524,
    0.3965714285714286,
    0.3939047619047619
  ],
  "val_loss": [
    1.097447344462077,
    1.0894110485712687,
    1.088249389966329,
    1.0879412864049276,
    1.0876144561767578
  ],
  "val_accuracy": [
    0.39066666666666666,
    0.392,
    0.39466666666666667,
    0.39466666666666667,
    0.392
  ],
  "val_f1": [
    0.1872802812400128,
    0.18773946360153257,
    0.2514597667187258,
    0.2514597667187258,
    0.18773946360153257
  ],
  "lr": [
    0.0002564120195373018,
    0.0002564120195373018,
    0.0002564120195373018,
    0.0002564120195373018,
    0.0002564120195373018
  ]
}