{
  "train_loss": [
    1.1787004340035574,
    1.129697662580581,
    1.1144423161007109,
    1.1060512757074266,
    1.1027917215710594
  ],
  "train_accuracy": [
    0.27676190476190476,
    0.2822857142857143,
    0.33066666666666666,
    0.37066666666666664,
    0.3878095238095238
  ],
  "val_loss": [
    1.130194356918335,
    1.1040815658569336,
    1.0967718620300293,
    1.0928194354375202,
    1.0906878544489542
  ],
  "val_accuracy": [
    0.284,
    0.284,
    0.4013333333333333,
    0.4013333333333333,
    0.4013333333333333
  ],
  "val_f1": [
    0.20454194275534224,
    0.20454194275534224,
    0.25364395320853955,
    0.25364395320853955,
    0.25364395320853955
  ],
  "lr": [
    8.373446665176228e-05,
    8.373446665176228e-05,
    8.373446665176228e-05,
    8.373446665176228e-05,
    8.373446665176228e-05
  ]
}