{
  "train_loss": [
    1.1011491203762236,
    1.0915608219419206,
    1.0897346939813524
  ],
  "train_accuracy": [
    0.34914285714285714,
    0.39295238095238094,
    0.39504761904761904
  ],
  "val_loss": [
    1.0872433576583862,
    1.0872836424509684,
    1.0868174600601197
  ],
  "val_accuracy": [
    0.4013333333333333,
    0.4013333333333333,
    0.4013333333333333
  ],
  "val_f1": [
    0.25364395320853955,
    0.25364395320853955,
    0.25364395320853955
  ],
  "lr": [
    0.00043518059639547366,
    0.00043518059639547366,
    0.00043518059639547366
  ]
}