{
  "train_loss": [
    1.1303525832948231,
    1.121235009602138,
    1.1142579275767008,
    1.1113711253574916,
    1.1123856187093826
  ],
  "train_accuracy": [
    0.3274285714285714,
    0.3335238095238095,
    0.3333333333333333,
    0.3457142857142857,
    0.3497142857142857
  ],
  "val_loss": [
    1.1055938183466594,
    1.100964570045471,
    1.0974463364283245,
    1.0948764197031657,
    1.0926812912623087
  ],
  "val_accuracy": [
    0.3333333333333333,
    0.32133333333333336,
    0.32133333333333336,
    0.32,
    0.32
  ],
  "val_f1": [
    0.17842480748781056,
    0.20399687958883994,
    0.21173763009804214,
    0.20237862458448833,
    0.21000994210175206
  ],
  "lr": [
    0.00010756736628677669,
    0.00010756736628677669,
    0.00010756736628677669,
    0.00010756736628677669,
    0.00010756736628677669
  ]
}