{
  "train_loss": [
    1.0990944938659668,
    1.097444521359035,
    1.0968888020288377
  ],
  "train_accuracy": [
    0.39580952380952383,
    0.39485714285714285,
    0.3954285714285714
  ],
  "val_loss": [
    1.0980564832687378,
    1.0970270284016927,
    1.0962981208165488
  ],
  "val_accuracy": [
    0.392,
    0.39066666666666666,
    0.392
  ],
  "val_f1": [
    0.18773946360153257,
    0.1872802812400128,
    0.18773946360153257
  ],
  "lr": [
    2.7827539152287943e-05,
    2.7827539152287943e-05,
    2.7827539152287943e-05
  ]
}