{
  "total_records": 3000,
  "sentiment_counts": {
    "positive": 367,
    "neutral": 2529,
    "negative": 104
  },
  "sentiment_percentages": {
    "positive": 12.233333333333334,
    "neutral": 84.3,
    "negative": 3.4666666666666663
  },
  "evaluation": {
    "has_ground_truth": true,
    "accuracy": 0.39291736930860033,
    "confusion_matrix": {
      "neutral": {
        "neutral": 422,
        "negative": 0,
        "positive": 50
      },
      "negative": {
        "neutral": 275,
        "negative": 0,
        "positive": 39
      },
      "positive": {
        "neutral": 356,
        "negative": 0,
        "positive": 44
      }
    },
    "class_metrics": {
      "neutral": {
        "precision": 0.4007597340930674,
        "recall": 0.8940677966101694,
        "f1": 0.5534426229508197,
        "support": 472
      },
      "negative": {
        "precision": 0,
        "recall": 0.0,
        "f1": 0,
        "support": 314
      },
      "positive": {
        "precision": 0.3308270676691729,
        "recall": 0.11,
        "f1": 0.16510318949343342,
        "support": 400
      }
    },
    "ground_truth_count": 1186,
    "labels": [
      "negative",
      "neutral",
      "positive"
    ],
    "ground_truth_distribution": {
      "counts": {
        "negative": 314,
        "neutral": 472,
        "positive": 400
      },
      "percentages": {
        "negative": 26.475548060708263,
        "neutral": 39.79763912310287,
        "positive": 33.726812816188875
      }
    }
  }
}